insert into users(email, account_non_expired, account_non_locked, credentials_non_expired, enabled, nickname, password, username, image_url)
values ('test1@test.com', 1, 1, 1, 1, '람머스기니', 'test1', '람머스', 'https://cdn-icons-png.flaticon.com/512/14/14660.png'),
       ('test2@test.com', 1, 1, 1, 1, '폭풍저그 홍진호가 간다!', 'test2', '홍진호', 'https://cdn-icons-png.flaticon.com/512/3135/3135789.png'),
       ('test3@test.com', 1, 1, 1, 1, '간다 드래프트~!', 'test3', '형독',
        'https://encrypted-tbn0.gstatic.com/images?q=tbn:ANd9GcQ-WUx40RcbMrWzkDttvsv2_JkDqm0UezjQWw&usqp=CAU'),
       ('test4@test.com', 1, 1, 1, 1, '중다이', 'test4', '이중대',
        'https://encrypted-tbn0.gstatic.com/images?q=tbn:ANd9GcRoo3O4glz71CnZPaFx9A6m-NWPr34TVGwxC4n9rvDGWvOEa9R2ram0lE5Iqzkhy3vkPJM&usqp=CAU');


insert into article(title, content, author_email, picture_url, create_time, update_time)
values ('만드리곤드레밥', '생 곤드레는 흐르는 물에 깨끗이 씻어서 식재료로 사용하면 좋다. 씻을 때 짓무르거나 시든 부분만 손으로 떼어내어 정리한 뒤 물기를 털어낸다. 건 곤드레는 끓는 물에 10∼15분
삶은 뒤 불을 끄고 10분 정도 물에 충분히 불러준다. 그 후 깨끗한 물로 씻어 이물질이 없도록 하고 용도에 따라 먹기 좋은 크기로 잘라준다. 줄기가 억센 곤드레를 수 시간 물에 담가 불리면 연하게
먹을 수 있다. 만져봐서 지나치게 억센 줄기는 미리 제거하는 것이 좋다.', 'test2@test.com', 'https://www.visitbusan.net/uploadImgs/files/cntnts/20191209162810545_ttiel',
        CURRENT_TIMESTAMP, CURRENT_TIMESTAMP),
       ('만호갈미 샤브샤브', '샤브샤브, 수육, 구이 등 다양한 방식으로 갈미조개를 요리하는 갈미조개 전문 식당. 국물이 맛있기로 유명한 이 곳은 갈미샤브샤브와 갈미수육이 대표메뉴이다.', 'test3@test.com',
        'https://www.visitbusan.net/uploadImgs/files/cntnts/20191216135832825_ttiel', CURRENT_TIMESTAMP, CURRENT_TIMESTAMP),
       ('민물가든', '30년간 운영해온 생선찜전문점으로, 전통방식인 나무통을 사용하여 조리하는 것이 특징이다. 20가지 이상의 재료로 만든 양념을 사용하는 이 곳은 묵은지 붕어조림과 붕어찜이 대표메뉴
이다.', 'test4@test.com', 'https://www.visitbusan.net/uploadImgs/files/cntnts/20191217101816206_ttiel', CURRENT_TIMESTAMP, CURRENT_TIMESTAMP),
       ('부흥식당', '영도의 유명한 제주 자리돔전문점으로 싱싱한 자리돔과 직접 만든 양념장의 맛이 무척 잘 어울린다. 당일 판매 할 수 있는 한정된 양만 판매하고 있는 이 곳은 제주갈치 요리로도 유명하다.', 'test1@test.com',
        'https://www.visitbusan.net/uploadImgs/files/cntnts/20191217113924538_ttiel', CURRENT_TIMESTAMP, CURRENT_TIMESTAMP),
       ('가야할매밀면', '유명한 밀면전문점으로, 밀가루에 옥수수 전분을 섞어, 다른 밀면전문점들보다 더 탄력있는 면이 특징이다. 육수는 돼지뼈와 소뼈에 각종 야채와 여러 한약재를 섞어 만들고, 사이드
 메뉴인 만두도 인기 있다.', 'test2@test.com', 'https://www.visitbusan.net/uploadImgs/files/cntnts/20191217201857896_ttiel', CURRENT_TIMESTAMP,
        CURRENT_TIMESTAMP),
       ('국제밀면', '부산의 수많은 밀면전문점 중에서도 가장 유명한 식당 중 한 곳으로, 소 사골만을 사용한 육수 등 독창적인 방식의 밀면을 만들고 있다. 보통 기계로 잘려진 편육이 고명으로 올려지는데
, 이 곳은 손으로 일일이 얇게 찢은 양지머리 고기가 올려지는 것이 특징이다.', 'test3@test.com', 'https://www.visitbusan.net/uploadImgs/files/cntnts/20191217202633906_ttiel',
        CURRENT_TIMESTAMP, CURRENT_TIMESTAMP),
       ('물꽁식당', '59년째 3대를 이어 운영해온 전통 있는 아귀요리전문점으로 신선한 아귀를 사용해 아구찜, 수육, 탕을 만든다. 자극적이지 않은 담백한 맛의 아구찜이 대표메뉴로 오래되었지만 청결한
가게가 인상적이다.', 'test4@test.com', 'https://www.visitbusan.net/uploadImgs/files/cntnts/20191218094154651_ttiel', CURRENT_TIMESTAMP, CURRENT_TIMESTAMP),
       ('부산명물횟집', '1946년부터 운영해 온 무척 유명한 횟집으로 여러 유명인사들의 단골집이기도 하다. 광어회 한 접시에 고기뼈를 푹 고아서 만든 진하고 담백한 맑은 국과 여섯 가지 밑반찬이 나오는
 회정식이 인기메뉴이다.', 'test1@test.com', 'https://www.visitbusan.net/uploadImgs/files/cntnts/20191218095111181_ttiel', CURRENT_TIMESTAMP, CURRENT_TIMESTAMP),
       ('원조한양족발', '35년 간 국내산 돼지 족을 사용하여 족발을 만들고 있는 유명한 족발전문점으로, 하루 2번 매장에서 삶은 신선하고 싱싱한 족발 맛으로 유명하다. 고기를 얇게 썰어 맛과 식감을 살
린 족발과 냉채 족발이 대표메뉴', 'test2@test.com', 'https://www.visitbusan.net/uploadImgs/files/cntnts/20191218102958937_ttiel', CURRENT_TIMESTAMP,
        CURRENT_TIMESTAMP),
       ('이재모피자', '30여년을 운영 중인 피자전문점으로 부산에서 피자가 대중화된 시기를 생각하면 상당한 전통을 자랑하는 유명한 곳이다. 국내산 임실치즈를 사용한 푸짐한 토핑의 피자가 특징이며, 변
함없는 맛을 지키고 있다.', 'test3@test.com', 'https://www.visitbusan.net/uploadImgs/files/cntnts/20191218103511820_ttiel', CURRENT_TIMESTAMP,
        CURRENT_TIMESTAMP),
       ('거대갈비', '최상등급의 고기와 최고의 원재료만을 사용한다는 한우숯불구이전문점으로, 깔끔한 실내와 친절한 점원들이 인상적이다. 최상등급의 한우인만큼 가격도 높은 편이지만, 직원이 고기를 구
워주는 등 만족도가 높은 식당이다.', 'test4@test.com', 'https://www.visitbusan.net/uploadImgs/files/cntnts/20191219093030634_ttiel', CURRENT_TIMESTAMP,
        CURRENT_TIMESTAMP),
       ('금수복국 본점',
        '부산에서 가장 유명한 식당 중 한 곳인 46년 전통의 복어요리전문점으로, 우수한 식재를 현지에서 엄선하여 공수하고, 모든 찬류 및 장류와 김치, 양념 등을 직접 만들어 사용한다. 특히 외국인 관광객들이 많이 찾는 곳으로도 유명하다.',
        'test1@test.com', 'https://www.visitbusan.net/uploadImgs/files/cntnts/20200819172845727_ttiel', CURRENT_TIMESTAMP, CURRENT_TIMESTAMP),
       ('다온', '한옥의 전통적인 모티브를 활용한 인테리어가 인상적인 한정식전문점으로, 토속적인 소품 으로 장식된 별실이 마련되어 있어 격식 있는 모임의 장소로도 많이 찾는 곳. 한약재와 제철 음식
재료를 활용해서 만든 한식 요리를 곱게 담아 코스로 내는 한정식이 인기', 'test2@test.com', 'https://www.visitbusan.net/uploadImgs/files/cntnts/20191219100305084_ttiel',
        CURRENT_TIMESTAMP, CURRENT_TIMESTAMP),
       ('동백섬횟집', '해운대 그랜드호텔 인근에 있는 자연산 활어회 전문 횟집으로, 생선회를 주문하면 문어숙 회, 멍게, 전복, 가자미구이, 새우튀김 등의 다양한 밑반찬과 식사 후 매운탕 등의 요리가 함
께 제공된다. 대부분의 생선은 시가에 따라서 가격이 변동된다.', 'test3@test.com', 'https://www.visitbusan.net/uploadImgs/files/cntnts/20200818125906889_ttiel',
        CURRENT_TIMESTAMP, CURRENT_TIMESTAMP),
       ('르꽁비브', '부산의 유명베이커리인 옵스에서 런칭한 전통 프렌치 레스토랑. 프랑스인들에게 프렌치 퀴진을 가르쳐온 셰프의 전통 현지 요리법으로 사계절 제철 식재료를 사용한 다양한 프렌치코스요
리를 선보이고 있다.', 'test4@test.com', 'https://www.visitbusan.net/uploadImgs/files/cntnts/20191219101750249_ttiel', CURRENT_TIMESTAMP, CURRENT_TIMESTAMP),
       ('문스시', 'TV프로그램을 통해 소개된 유명 쉐프가 운영하는 일식전문점으로, 기대를 충족하는 수준 있는 요리들과 깔끔하고 세련된 인테리어가 특징이다. 쉐프가 추천하는 음식으로 구성되는 오마카
세 스시 코스가 특히 유명하다.', 'test1@test.com', 'https://www.visitbusan.net/uploadImgs/files/cntnts/20200818130348030_ttiel', CURRENT_TIMESTAMP,
        CURRENT_TIMESTAMP),
       ('예이제', '해운대 해변인근에 위치한 한정식전문점으로, 가족모임이나 손님 대접 등으로 많이 찾는 곳이다. 주인이 직접 고른 제철 식재료와 지인이 운영하는 농장에서 키운 채소를 사용하는이 곳은
먹는 것이 고민스러울 정도로 예쁜 음식이 특징이다.', 'test2@test.com', 'https://www.visitbusan.net/uploadImgs/files/cntnts/20200818133818412_ttiel', CURRENT_TIMESTAMP,
        CURRENT_TIMESTAMP),
       ('원조석대추어탕', '입구를 들어서면 가득 쌓인 장작과 아궁이에 올려 진 커다란 무쇠솥이 눈에 들어온다.유명한 추어탕전문점인 이 곳의 추어탕은, 강한 화력으로 오래 끓여 부드럽고 풍부한 맛이 특
징으로, 논고동무침과 가오리찜도 인기 있다.', 'test3@test.com', 'https://www.visitbusan.net/uploadImgs/files/cntnts/20191219104936271_ttiel', CURRENT_TIMESTAMP,
        CURRENT_TIMESTAMP),
       ('원조할매복국', '‘복국촌’으로 알려진 미포 지역의 대표적인 복요리 전문점으로, 부산 향토 음식점 31곳 중하나이다. 복어를 사용한 맑은 탕인 복지리가 대표메뉴이며, 복어죽과 수육, 복불고기와 복
어찜 등의 요리도 맛볼 수 있다.', 'test4@test.com', 'https://www.visitbusan.net/uploadImgs/files/cntnts/20191219134018171_ttiel', CURRENT_TIMESTAMP,
        CURRENT_TIMESTAMP),
       ('젠스시', '해운대의 유명 일식전문점으로, 명인 인증서를 받은 오너 쉐프가 운영하며, 주방 분위기가 엄격하고, 위생에 무척 신경을 쓰는 것으로도 유명하다. 열 가지의 초밥과 함께 미소시루, 달걀
찜, 튀김 등으로 구성 된 코스요리가 대표메뉴', 'test1@test.com', 'https://www.visitbusan.net/uploadImgs/files/cntnts/20191219135236542_ttiel', CURRENT_TIMESTAMP,
        CURRENT_TIMESTAMP),
       ('옛날 오막집', '1958년부터 운영하고 있는 유명한 내장구이전문점으로 오랜 세월 사랑받고 있는 곳이다. 이 곳의 내장구이는 전통만큼이나 각별한 맛을 자랑하는데 함께 제공되는 장아찌와 나물들을
곁들여 먹으면 또 다른 맛을 즐길 수 있다.', 'test2@test.com', 'https://www.visitbusan.net/uploadImgs/files/cntnts/20191219141858821_ttiel', CURRENT_TIMESTAMP,
        CURRENT_TIMESTAMP),
       ('평안도족발', '30년 넘게 한자리에서 운영해온 전통 있는 족발전문점으로, 이 지역 사람들에게 오래 사랑 받아온 곳이다. 오래된 식당답게 족발 특유의 냄새가 없는 깔끔하고 균형 잡힌 족발의 맛이
특징이며, 냉채족발과 마늘족발 등의 메뉴도 인기 있다.', 'test3@test.com', 'https://www.visitbusan.net/uploadImgs/files/cntnts/20191219141936064_ttiel', CURRENT_TIMESTAMP,
        CURRENT_TIMESTAMP),
       ('한우숯불양곱창', '해운대 중동역 인근의 양곱창 전문점인 이 곳은 특히 소의 첫 번째 위인 특양 양념구이가 유명하다. 주문과 동시에 특제양념을 발라, 점원이 구워주는 이 곳의 특양 구이는 무척
부드 러우면서도 살짝 탄력 있는 식감이 특징이다.', 'test4@test.com', 'https://www.visitbusan.net/uploadImgs/files/cntnts/20200819165333332_ttiel', CURRENT_TIMESTAMP,
        CURRENT_TIMESTAMP),
       ('쌍둥이돼지국밥', '식사시간에는 길게 줄을 선 모습을 볼 수 있는 유명한 식당으로, 부산의 수 많은 돼지국밥 전문점 중에서도 손에 꼽히는 식당 중 한 곳이다. 아주 부드러운 돼지고기수육이 유명하
다.', 'test1@test.com', 'https://www.visitbusan.net/uploadImgs/files/cntnts/20191219143010570_ttiel', CURRENT_TIMESTAMP, CURRENT_TIMESTAMP),
       ('이층집 564-9', '심플하고 모던한 인테리어가 인상적인 경양식전문식당으로, 등심 돈가스는 고소한 브로콜리 크림스프와 신선한 생 등심 돼지고기 커틀렛과 계절 샐러드가 함께 나온다. 바삭한 돈가
스와 특제소스의 밸런스가 훌륭하다.', 'test2@test.com', 'https://www.visitbusan.net/uploadImgs/files/cntnts/20191219153031872_ttiel', CURRENT_TIMESTAMP,
        CURRENT_TIMESTAMP),
       ('초원복국 대연본점', '무척 유명한 복어요리전문점인 이곳은 50년 경력의 일식요리사인 아버지와 부산 최초의 특수조리사 복어자격증 소지자인 아들이 2대째 경영하고 있는 곳으로, 언제나 많은 손님
들로 북적이는 곳이다. 최상급의 복어요리를 만날 수 있는 곳이다.', 'test3@test.com', 'https://www.visitbusan.net/uploadImgs/files/cntnts/20191219160045041_ttiel',
        CURRENT_TIMESTAMP, CURRENT_TIMESTAMP),
       ('석화한정식', '차려지는 음식 하나하나가 먹기 아까울 정도로 섬세하게 담겨져 나온다. 격식있는 모임의 장소로도 유명한 고급한정식전문점으로, 버섯탕수와 전복초가 나오는 고향한정식과 관자숙 회
와 갈비찜 장어구이가 나오는 어머니한정식이 대표메뉴.', 'test4@test.com', 'https://www.visitbusan.net/uploadImgs/files/cntnts/20220513092736141_ttiel', CURRENT_TIMESTAMP,
        CURRENT_TIMESTAMP),
       ('함경면옥', '30년 장인의 솜씨로 만든 냉면의 맛은 비교할만한 대상이 드물다. 부산에서 가장 유명한 냉면전문점 중 한 곳으로, 계절을 가리지 않고 항상 많은 사람들이 찾아오는 것이 이곳의 변하지
 않는 맛을 증명하고 있다', 'test1@test.com', 'https://www.visitbusan.net/uploadImgs/files/cntnts/20220512102852754_ttiel', CURRENT_TIMESTAMP,
        CURRENT_TIMESTAMP),
       ('영변횟집', '뼈와 함께 먹는 잘게 썬 세꼬시가 특히 유명한 생선회전문점으로, 도다리, 광어, 우럭, 돌돔, 농어 등 다양한 활어를 철에 따라 즐길 수 있다. 특히 가자미나 광어를 이용한 세꼬시가 인
기 메뉴로 회를 주문하면 상을 꽉 채우는 반찬과 해산물 등이 함께 제공된다.', 'test2@test.com', 'https://www.visitbusan.net/uploadImgs/files/cntnts/20200818134302422_ttiel',
        CURRENT_TIMESTAMP, CURRENT_TIMESTAMP),
       ('방코', '특이한 외관의 이 건물은 화덕에 구운 피자와 파스타를 만드는 곳이다. 신선한 재료와 새로운 조리법을 사용하여 풍부하고 담백한 맛을 내는 것이 특징이다. 트러플로 향을 낸 피자와 블루치
즈를 사용한 피자가 대표메뉴이다.', 'test3@test.com', 'https://www.visitbusan.net/uploadImgs/files/cntnts/20200818100408773_ttiel', CURRENT_TIMESTAMP,
        CURRENT_TIMESTAMP),
       ('얼크니손칼국수(기장본점)', '간단히 준비된 샤브샤브를 먹은 후 직접 면을 넣고 조리해 먹는 칼국수 가격에 비해 푸짐한 재료들이 특징이다. 먼저 샤브샤브를 먹고 그 국물에 칼국수를 만들어 먹고
나면, 점원이 볶음밥을 만들어 준다.', 'test4@test.com', 'https://www.visitbusan.net/uploadImgs/files/cntnts/20200819144753937_ttiel', CURRENT_TIMESTAMP,
        CURRENT_TIMESTAMP),
       ('곤국', '곰탕전문식당인 이 곳은 오래 끓여 부드러운 고기와 맛이 진한 국물이 특징으로, 밥을 말아서 나오지 않고, 갓 지은 솥밥이 따로 제공된다.', 'test1@test.com',
        'https://www.visitbusan.net/uploadImgs/files/cntnts/20200819150211450_ttiel', CURRENT_TIMESTAMP, CURRENT_TIMESTAMP),
       ('다이닝센 부산본점', '패밀리레스토랑 다이닝센은 직접 만드는 소스들을 사용하고, 비교적 저렴한 가격에 비해 높은 수준의 음식들이 제공된다. 행사를 위한 시설과 공간도 잘 준비되어 있다.', 'test2@test.com',
        'https://www.visitbusan.net/uploadImgs/files/cntnts/20200820090928003_ttiel', CURRENT_TIMESTAMP, CURRENT_TIMESTAMP),
       ('오륙도 가원', '건축상을 받은 아름다운 외관과 잘 가꾸어진 넓은 잔디정원이 인상적이다. 이 곳은 유명한 한우숯불구이 전문식당으로, 제공되는 음식과 서비스 등 모든 것이 무척 고급스럽다.', 'test3@test.com',
        'https://www.visitbusan.net/uploadImgs/files/cntnts/20200818151745396_ttiel', CURRENT_TIMESTAMP, CURRENT_TIMESTAMP),
       ('한우랑', '한우 숯불구이 전문점으로 모든 메뉴는 국내에서 생산된 질 좋은 재료만 사용해 만들어진다. 한우는 특히 굽는 솜씨에 따라 맛의 차이가 크게 나는데, 이 곳은 숙련된 점원이 고기를 구워
준다.', 'test4@test.com', 'https://www.visitbusan.net/uploadImgs/files/cntnts/20200818152932317_ttiel', CURRENT_TIMESTAMP, CURRENT_TIMESTAMP),
       ('해남식당', '김치요리전문식당인 이 곳은 배추산지로 유명한 해남의 배추를 사용 하여, 오랜 시간 숙성시킨 묵은지를 사용하는 것이 특징이며, 다양한 김치요리를 먹을 수 있다. 해남묵은지에 대한
높은 자부심을 가지고 있다.', 'test1@test.com', 'https://www.visitbusan.net/uploadImgs/files/cntnts/20200818153601185_ttiel', CURRENT_TIMESTAMP,
        CURRENT_TIMESTAMP),
       ('금강만두', '찾기 힘든 골목에 위치해 미식가들만 찾아가는 숨은 가게였던 이 가게는 현재 사람들의 왕래가 많은 자리의 큰 점포로 옮겨 운영하고 있다. 만두가 맛있기도 하지만, 사실 이 곳은 매우
면서도 깔끔한 맛의 육개장이 더욱 유명한 특이한 식당이다.', 'test2@test.com', 'https://www.visitbusan.net/uploadImgs/files/cntnts/20200818170548384_ttiel', CURRENT_TIMESTAMP,
        CURRENT_TIMESTAMP),
       ('고을산채', '2006년부터 운영해온 한식당으로, 모든 반찬들을 주인이 직접 만든다. 점심에는 제철반찬이 함께 제공되는 산채정식 비빔밥을 먹으러 오는 사람이 많으며, 저녁에는 소고기버섯전골과 곱
창전골이 인기 있다. 저렴한 가격에 푸짐한 식사를 할 수 있는 곳', 'test3@test.com', 'https://www.visitbusan.net/uploadImgs/files/cntnts/20200818175032095_ttiel',
        CURRENT_TIMESTAMP, CURRENT_TIMESTAMP),
       ('석화정', '18년간 운영해 온 굴요리 전문점으로, 재철 생굴, 굴구이, 굴튀김, 굴파전, 굴김치 등 굴을 이용한 다양한 음식들을 즐길 수 있다. 특히, 대표메뉴인 굴국밥은 신선한 자연산 굴을 사용 하
여, 깔끔하고 풍부한 맛으로 인기 있다.', 'test4@test.com', 'https://www.visitbusan.net/uploadImgs/files/cntnts/20200819094049234_ttiel', CURRENT_TIMESTAMP,
        CURRENT_TIMESTAMP),
       ('북경', '연산동의 중심가골목에 위치한 중식당으로 요리를 전문으로 하여 이 지역 회사원들이 회식장소로도 자주 찾는 곳이다. 모든 메뉴의 수준이 높은 곳이기도 하지만, 특히 짜장면이 맛있기로 유
명하다.', 'test1@test.com', 'https://www.visitbusan.net/uploadImgs/files/cntnts/20200819172514790_ttiel', CURRENT_TIMESTAMP, CURRENT_TIMESTAMP),
       ('연산낙지해물탕', '해물탕은 원래 푸짐한 해산물들이 담겨 나오는 음식이지만, 이 곳의 해물탕은 음식을 잘모르는 사람도 싱싱하다는 것을 알 수 있는 해산물들이 뚜껑이 닫히지 않을 정도로 담겨 나
온다. 해물탕이 익을 때쯤 살아있는 낙지를 손질해 넣어주는 것이 특징이다.', 'test2@test.com', 'https://www.visitbusan.net/uploadImgs/files/cntnts/20200819103408604_ttiel',
        CURRENT_TIMESTAMP, CURRENT_TIMESTAMP),
       ('웰빙여행', '부산시청 근처의 칼국수와 만두전문점으로, 매생이 칼국수, 들깨 칼국수 등 조금 특별한 칼국수와 함께 푸짐한 만두전골을 먹을 수 있는 곳이다. 만두는 매일매일 직접만들며, 여름에는
직접 갈아만든 콩칼국수를 판매하기도 한다.', 'test3@test.com', 'https://www.visitbusan.net/uploadImgs/files/cntnts/20200819170519954_ttiel', CURRENT_TIMESTAMP,
        CURRENT_TIMESTAMP),
       ('옻바다전복 삼계탕', '연산동 중심가골목에 위치한 삼계탕전문점으로, 대표적인 보양음식인 옻나무삼계탕에 전복을 추가하여 먹을 수 있는 것이 특징이다. 식전주로 옻술이 제공되는 이 곳은 TV프로
그램에도 소개 된 유명한 식당이다.', 'test4@test.com', 'https://www.visitbusan.net/uploadImgs/files/cntnts/20200819105118416_ttiel', CURRENT_TIMESTAMP,
        CURRENT_TIMESTAMP),
       ('참참부자', '연산동 중심가골목에 위치한 일식코스전문점으로, 참치와 자연산회를 맛볼 수 있는 곳이다. 코스요리를 전문으로 하는 곳인 만큼 회는 물론이며, 음식 하나하나가 높은 수준이다.점심한
정메뉴를 찾는 손님도 많은 곳', 'test1@test.com', 'https://www.visitbusan.net/uploadImgs/files/cntnts/20200819105753999_ttiel', CURRENT_TIMESTAMP,
        CURRENT_TIMESTAMP),
       ('팔미초밥', '부산의 대표적인 일식전문점 중 한 곳으로, 상업지역인 이 지역에서도 손님을 대접하기 좋은 곳으로 유명한 식당이다. 30년 경력의 오너쉐프가 운영하고 있으며, 이 곳의 코스요리는 가
격에 비해 높은 만족도를 자랑한다.', 'test2@test.com', 'https://www.visitbusan.net/uploadImgs/files/cntnts/20200819110257649_ttiel', CURRENT_TIMESTAMP,
        CURRENT_TIMESTAMP),
       ('남촌', '청정지역인 지리산 아래 산청의 흑돼지만 사용하고 있는 믿을 수 있는 돼지구이전문점이다. 사용되는 흑돼지 자체가 일반적인 돼지고기와 식감과 맛의 차이가 많이 나며, 껍데기가 붙어 있는
 오겹살 흑돼지 고기를 쓰는 것이 특징이다.', 'test3@test.com', 'https://www.visitbusan.net/uploadImgs/files/cntnts/20200819154352300_ttiel', CURRENT_TIMESTAMP,
        CURRENT_TIMESTAMP),
       ('북경의자전거', '본격적인 중국풍의 인테리어가 특색있는 이 중식당은 중국인 쉐프들이 요리하고 있는 것으로 유명하다. 사용되는 면은 전통방식인 수타로 만들고, 다양하고 많은 종류의 요리들을 만
드는 단골 손님이 많은 가게이다.', 'test4@test.com', 'https://www.visitbusan.net/uploadImgs/files/cntnts/20200820091146813_ttiel', CURRENT_TIMESTAMP,
        CURRENT_TIMESTAMP),
       ('식당 3선(덕천점)', '숯불구이, 파삼겹구이, 밀면 등을 맛볼 수 있는 식당인 이곳은 나이와 취향에 관계없이 즐길 수있는 대중적인 맛이 특징으로, 넓은 공간을 가지고 있어 가족외식장소로 인기 있
다. 메인요리인 숯불구이는 조리되어 제공되어서 먹기 편하다.', 'test1@test.com', 'https://www.visitbusan.net/uploadImgs/files/cntnts/20200819154140644_ttiel', CURRENT_TIMESTAMP,
        CURRENT_TIMESTAMP),
       ('함경면옥', '22년의 전통을 가지고 있는 함흥냉면 전문점으로, 메뉴에 들어가는 모든 재료들을 직접 만든다. 고구마 전분 특유의 탄력과 쫄깃함을 가진 함흥식 냉면 사리가 특징이며, 진한 육수가 맛
있는 물냉면과 숙성된 가오리 회가 올라가는 회비빔면이 인기메뉴이다.', 'test2@test.com', 'https://www.visitbusan.net/uploadImgs/files/cntnts/20200820091029413_ttiel',
        CURRENT_TIMESTAMP, CURRENT_TIMESTAMP),
       ('디에이블 송도점', '유명한 양식레스토랑인 디에이블의 분점으로, 가게 전체에서 보이는 멋진 바다풍경 속에서 특별한 식사를 할 수 있는 곳이다. 시그니처 메뉴인 피자는 페스츄리 도우를 사용해 촉
촉한 것이 특징이며, 특제소스를 사용해 매콤하면서 고소한 파스타도 인기 있다.', 'test3@test.com', 'https://www.visitbusan.net/uploadImgs/files/cntnts/20200819132345743_ttiel',
        CURRENT_TIMESTAMP, CURRENT_TIMESTAMP),
       ('몽실종가돼지국밥', '감천문화마을 근처에 있는 돼지국밥전문점으로, 청결한 실내와 친절한 점원들이 인상적이 다. 사골뼈를 24시간 이상 푹 고아 만든 국물이 유명하고, 국밥에 들어가는 고기양과
고기 종류를 선택할 수 있는 것이 특징이다.', 'test4@test.com', 'https://www.visitbusan.net/uploadImgs/files/cntnts/20200819132813484_ttiel', CURRENT_TIMESTAMP,
        CURRENT_TIMESTAMP),
       ('식당 토성동', '의외의 장소에 자리하고 있는 아담하고 예쁜 인테리어의 덮밥전문점으로, 간단한 음식, 깔끔한 맛, 친절한 서비스로 유명한 곳이다. 모든 음식이 인기메뉴이긴 하지만, 손질과 숙성을
 거쳐 부드러운 맛의 한입 스테이크 덮밥이 대표메뉴라고 한다.', 'test1@test.com', 'https://www.visitbusan.net/uploadImgs/files/cntnts/20200819133843312_ttiel',
        CURRENT_TIMESTAMP, CURRENT_TIMESTAMP),
       ('청죽', '입구까지 이어진 근사한 정원이 멋진 일식코스요리전문점으로, 이 지역에서는 상견례 등격조 있는 모임의 장소로 많이 이용하는 곳이다. 비교적 비싼 가격의 식당이지만, 맛과 서비스 모두
충분히 만족스러운 곳이라고 한다. 일본식코스요리가 대표메뉴.', 'test2@test.com', 'https://www.visitbusan.net/uploadImgs/files/cntnts/20200819134238418_ttiel', CURRENT_TIMESTAMP,
        CURRENT_TIMESTAMP),
       ('편의방', '이 곳은 3대째 이어오는 중국만두전문점으로, 삼선만두가 유명한 곳이다. 주문과 동시에 만드는 삼선만두는 각종야채와 새우가 가득 차 육즙이 흘러넘친다.', 'test3@test.com',
        'https://www.visitbusan.net/uploadImgs/files/cntnts/20200819134644126_ttiel', CURRENT_TIMESTAMP, CURRENT_TIMESTAMP),
       ('동원장수촌', '도자기 장인이 빚어낸 둥그런 뚝배기에 음식을 담아내는 보양음식전문점으로, 모임 등의 장소로도 인기 있는 곳이기도 하다. 한방녹두백숙이 특히 인기있는 메뉴로 황기 구기자 감초
등의 한약제와 녹두오리를 오래 삶아 보약 같은 국물과 부드러운고기가 특징이다.', 'test4@test.com', 'https://www.visitbusan.net/uploadImgs/files/cntnts/20200819172146946_ttiel',
        CURRENT_TIMESTAMP, CURRENT_TIMESTAMP),
       ('포항가자미물회', '소박한 느낌의 동네식당으로, 시원한 물회에 국수를 말아먹는 것으로 유명한 물회전문점이다. 갖은 양념에 무쳐진 회와 물회 육수가 따로 제공되며, 여름에는 신선한 토마토에 싸
먹고 겨울에는 김에 싸먹는 것으로 유명한 곳이다.', 'test1@test.com', 'https://www.visitbusan.net/uploadImgs/files/cntnts/20200819143114772_ttiel', CURRENT_TIMESTAMP,
        CURRENT_TIMESTAMP),
       ('괘법쭈꾸미', '2007년 괘법동에서 시작한 이 지역의 대표적인 쭈꾸미요리전문점으로, 직접 만든 비법소스를 사용하여 매우면서도, 자꾸 먹게 되는 맛이 특징이다. 대표메뉴는 웰빙쭈꾸미이며, 단일메
뉴로 꾸준한 맛을 유지 하고 있는 것이 오랜 인기의 비결이다.', 'test2@test.com', 'https://www.visitbusan.net/uploadImgs/files/cntnts/20200819161305335_ttiel',
        CURRENT_TIMESTAMP, CURRENT_TIMESTAMP),
       ('삼진어묵', '삼진어묵은 1953년부터 3대 째 가억을 잇고있는 대한민국 대표 어묵 브랜드입니다.', 'test3@test.com',
        'https://www.visitbusan.net/uploadImgs/files/cntnts/20210415134915004_ttiel', CURRENT_TIMESTAMP, CURRENT_TIMESTAMP),
       ('광명집', '20년이 넘게 대를 이어 운영 중인 아구찜/대구뽈찜 전문점으로 신선하고 품질 좋은 재료들로  찜요리를 만들고 있다. 대구뽈찜은 양파가 가득 올려 진 독특한 조리법이 사용되며,  두 가지
 찜 요리가 모두 인기 있다.', 'test4@test.com', 'https://www.visitbusan.net/uploadImgs/files/cntnts/20210903144841845_ttiel', CURRENT_TIMESTAMP,
        CURRENT_TIMESTAMP),
       ('명지첫집', '명지를 상징하는 식재료인 소금과 대파를 활용한 젓갈과 대파김치를 보쌈요리에 곁들였다. 기분이 좋아지는 푸짐한 한상차림의 보쌈정식과 쭈꾸미보쌈이 대표메뉴이다.', 'test1@test.com',
        'https://www.visitbusan.net/uploadImgs/files/cntnts/20210913092353076_ttiel', CURRENT_TIMESTAMP, CURRENT_TIMESTAMP),
       ('드마히니 더블유스퀘어점', '부산의 유명 베이커리 옵스(OPS)에서 만든 두 번째 프렌치 레스토랑으로 파리 현지 카페의 자유로운 분위기를 살린 공간이 특징이며, 소박하고 정성 가득한 프랑스 요리
들과  스페셜티 등급의 다섯 가지 브루잉 커피도 맛 볼 수 있는 곳이다.', 'test2@test.com', 'https://www.visitbusan.net/uploadImgs/files/cntnts/20210913095514659_ttiel',
        CURRENT_TIMESTAMP, CURRENT_TIMESTAMP),
       ('명품외식 육면정', '다양한 연회석과 어린이 시설, 넓은 주차장을 가지고 있는 큰 규모의 구이전문식당으로 질 좋은 소고기와 신선한 야채들을 제공하고, 최고등급의 위생수준을 인증 받았다. 단체모
임이나 가족외식하기 좋은 곳 이다.', 'test3@test.com', 'https://www.visitbusan.net/uploadImgs/files/cntnts/20210913100010495_ttiel', CURRENT_TIMESTAMP,
        CURRENT_TIMESTAMP),
       ('호포갈비 문현점', '1층의 정육판매점에서 구입한 고기를 2층의 식당에서 구워먹는 방식의 식당으로, 깔끔한 인테리어와 수준 높은 청결상태를 자랑한다. 판매점에서는 질 좋은 육류를 취급하고 있으
며, 다양한 부위의 한우를 직접 고를 수 있다.', 'test4@test.com', 'https://www.visitbusan.net/uploadImgs/files/cntnts/20210913101952443_ttiel', CURRENT_TIMESTAMP,
        CURRENT_TIMESTAMP),
       ('평산옥', '4대에 걸쳐 운영하고 있는 100년 전통의 돼지수육전문식당으로 돼지수육과 수육 삶은 육수에 말은 국수가 유명하다. 국내산 신선한 고기로 만드는 육수는 맑은 국물 색과 담백하지만 진한
맛을 낸다. 100년을 이어온 자부심에 어울리는 맛이다.', 'test1@test.com', 'https://www.visitbusan.net/uploadImgs/files/cntnts/20210913104329974_ttiel', CURRENT_TIMESTAMP,
        CURRENT_TIMESTAMP),
       ('공감식당', '보리를 사료로 키운 돼지를 전문가가 직접 선별, 숙성하여 전문교육을 받은 직원들이 직접 구워주는 구이전문점으로, 삼겹살과 구워먹는 치즈가 이 곳의 인기메뉴이다. 다양한 사이드 메
뉴도 준비되어 있다.', 'test2@test.com', 'https://www.visitbusan.net/uploadImgs/files/cntnts/20210913110103549_ttiel', CURRENT_TIMESTAMP, CURRENT_TIMESTAMP),
       ('다옴 (서면 삼정타워점)', '가볍게 즐길 수 있는 한식메뉴를 선보이는 식당으로 남해안멸치로 만드는 육수와 과일을 첨가하여 만든 숙성양념 등 음식준비에 많은 정성을 들인다. 차돌박이가 토핑 된
비빔국수와 비빔밥이 대표메뉴이다.', 'test3@test.com', 'https://www.visitbusan.net/uploadImgs/files/cntnts/20210913110833421_ttiel', CURRENT_TIMESTAMP,
        CURRENT_TIMESTAMP),
       ('당감밀면', '지역민들이 추천하는 밀면전문점으로 육수와 면·양념에 이르기까지 모든 재료를 주방장의 독자적인 비법으로 만들어 특징적인 밀면의 맛을 자랑한다. 직접 만드는 손만두도 담백한 맛으
로 인기 있다.', 'test4@test.com', 'https://www.visitbusan.net/uploadImgs/files/cntnts/20210913111405621_ttiel', CURRENT_TIMESTAMP, CURRENT_TIMESTAMP),
       ('더브릭하우스', '번잡한 번화가 사이에 예쁜 벽돌집이 보인다. 이곳은 화덕피자가 맛있기로 유명한 이탈리안 레스토랑으로, 클래식한 공간과 클래식한 음악 그리고 이탈리안 음식과 어울리는 다양한
와인이 준비되어 있다.', 'test1@test.com', 'https://www.visitbusan.net/uploadImgs/files/cntnts/20210913111907192_ttiel', CURRENT_TIMESTAMP, CURRENT_TIMESTAMP),
       ('버거샵', '직접손질하는 1등급 한우 패티와 매일 아침 구운 브리오슈 번으로 만드는 수제버거전문점으로, 외국인 손님들도 많이 찾는 곳이다. 독특한 인테리어를 즐기며 다양한 소품들도 구입하고 볼
 수 있는 가게이다.', 'test2@test.com', 'https://www.visitbusan.net/uploadImgs/files/cntnts/20210913112340644_ttiel', CURRENT_TIMESTAMP, CURRENT_TIMESTAMP),
       ('소수인', '일식을 모티브로 한 새로운 스타일의 요리를 만들고 있는 일본식주점으로 영업을 시작한지 얼마 되지 않아 항상 사람들이 가득한 곳이 되었다. 개성강한 요리들은 술안주로도 식사로도 잘
어울린다.', 'test3@test.com', 'https://www.visitbusan.net/uploadImgs/files/cntnts/20210913112639309_ttiel', CURRENT_TIMESTAMP, CURRENT_TIMESTAMP),
       ('양평칼국수', '다대포 해수욕장 인근의 식당으로 20년 경력의 칼국수 장인인 주인이 직접 반죽한 숙성면에 국산 배추로 매일 매일 담는 김치가 매력을 더한다. 여름에만 맛 볼 수 있는 냉칼국수, 냉
콩칼국수 등의 한정메뉴들도 무척 인기 있다.', 'test4@test.com', 'https://www.visitbusan.net/uploadImgs/files/cntnts/20210913114940489_ttiel', CURRENT_TIMESTAMP,
        CURRENT_TIMESTAMP),
       ('영진돼지국밥', '유명한 돼지국밥 전문점 중 한 곳으로, 항상 많은 사람들이 찾아오는 곳이다. 돼지 특유의 냄새를 제거하여 깔끔하고 담백한 맛을 자랑하며 수육과 두부, 볶음김치가  함께 나오는
수육백반이 무척 인기 있다.', 'test1@test.com', 'https://www.visitbusan.net/uploadImgs/files/cntnts/20210913131201409_ttiel', CURRENT_TIMESTAMP,
        CURRENT_TIMESTAMP),
       ('신흥반점', '2대째 운영 중인 신흥반점은 서구에서 55년 동안 화교 가족들이 운영해오고 있는 곳으로, 중국 현지의 식당 같은 분위기의 가게에서 다양한 중국요리를 맛 볼 수 있다. 짬뽕국물과 깐풍
기가 이 곳에서 추천하는 인기 메뉴이다.', 'test2@test.com', 'https://www.visitbusan.net/uploadImgs/files/cntnts/20210913133410983_ttiel', CURRENT_TIMESTAMP,
        CURRENT_TIMESTAMP),
       ('동원 숯불 갈비', '한적한 골목길에 숨겨져 있는 이 돼지갈비전문점은 38년간 숯불돼지갈비 한 메뉴로 이 장소를 지켜온 식당이다. 쉽게 찾기 힘든 위치에 있지만 친근하고 꾸준한 맛으로 많은 단골
고객들이 찾아오는 곳', 'test3@test.com', 'https://www.visitbusan.net/uploadImgs/files/cntnts/20210913141552746_ttiel', CURRENT_TIMESTAMP, CURRENT_TIMESTAMP),
       ('도날드 즉석 떡볶이', '지역민들에게 추억의 장소인 이 곳은 35년간 운영해온 유명한 즉석떡볶이 전문점으로 해물육수와 고추장 소스를 사용하여 독특한 맛을 자랑한다. 후식으로 판매하는 뻥크림을
먹기 위해 찾아오는 사람들도 많다.', 'test4@test.com', 'https://www.visitbusan.net/uploadImgs/files/cntnts/20210913142012236_ttiel', CURRENT_TIMESTAMP,
        CURRENT_TIMESTAMP),
       ('영도우', '부산항이 한눈에 들어오는 장소에 위치한 피자전문점으로 자체개발한 도우로 만든 테두리가 없는 사각형의 디트로이트식 피자가 대표메뉴이다. 임실치즈를 아낌없이 사용하여 풍부한 치즈
의 맛을 즐길 수 있다.', 'test1@test.com', 'https://www.visitbusan.net/uploadImgs/files/cntnts/20210913152113856_ttiel', CURRENT_TIMESTAMP, CURRENT_TIMESTAMP),
       ('함흥보쌈', '냉면전문점으로 시작하여 50여년을 운영 중인 보쌈전문점으로 싱싱한 고기를 사용하고 부드러운 맛으로 유명하다. 오랜 전통을 자랑하는 냉면도 인기메뉴이며 어떤 메뉴를 주문하든 만족
스러운 양이 제공된다.', 'test2@test.com', 'https://www.visitbusan.net/uploadImgs/files/cntnts/20210913152733413_ttiel', CURRENT_TIMESTAMP, CURRENT_TIMESTAMP),
       ('원산면옥', '60여년의 전통을 가진 냉면전문점으로 3대째 운영하고 있는 무척 유명한 곳이다. 한우와 국내산 생 돼지고기, 생닭을 사용하고 10여 가지 재료가 들어간 육수로 만든 냉면은  변하지 않
는 맛을 자랑한다.', 'test3@test.com', 'https://www.visitbusan.net/uploadImgs/files/cntnts/20210913153317155_ttiel', CURRENT_TIMESTAMP, CURRENT_TIMESTAMP),
       ('개미집신도시점', '부산의 대표적인 낙지요리전문점인 개미집의 분점으로, 본점에 뒤쳐지지 않는 맛을 선보이고 있다. 본점과 같이 낙지볶음, 낙지새우볶음, 낙지곱창볶음 등의 요리들이 모두 인기
있으며, 불고기낙지버섯전골과 곱창전골을 찾는 손님도 많다.', 'test4@test.com', 'https://www.visitbusan.net/uploadImgs/files/cntnts/20210913153737388_ttiel', CURRENT_TIMESTAMP,
        CURRENT_TIMESTAMP),
       ('오리한상', '청둥오리를 사용한 소금구이와 급속 냉동된 오리를 아주 얇게 슬라이스한 불고기가 모두 인기있는 이곳은, 커다란 창을 활용한 깔끔하고 여유로운 공간과 함께 개별룸도 운영하고 있어
가족외식하기에도 좋은 곳이다.', 'test1@test.com', 'https://www.visitbusan.net/uploadImgs/files/cntnts/20220510145207922_ttiel', CURRENT_TIMESTAMP,
        CURRENT_TIMESTAMP),
       ('오,유미당', '카페처럼 예쁜 공간에 돈카츠와 쌀국수라는 이색적인 조합의 메뉴를 가진 곳으로, 처음 보면 조금 당황스러운 모습을 가진 토마호크 돈카츠가 가장 인기 있다고 한다. 쌀국수의 수준도
높아 여러 취향을 다 만족시키는 곳이다.', 'test2@test.com', 'https://www.visitbusan.net/uploadImgs/files/cntnts/20220510151352637_ttiel', CURRENT_TIMESTAMP,
        CURRENT_TIMESTAMP),
       ('만포밀면', '매장에 들어서면 진한 육수냄새가 맛을 기대하게 하는 이곳은 가야식 밀면을 만들고 있는 곳으로, 95년 가게를 연 이후 매일 그 날 판매할 밀면을 시식하는 것으로 시작한다고 한다. 변
하지 않는 맛은 언제나 기쁘다.', 'test3@test.com', 'https://www.visitbusan.net/uploadImgs/files/cntnts/20220510161651267_ttiel', CURRENT_TIMESTAMP,
        CURRENT_TIMESTAMP),
       ('맛사랑채', '생선구이가 포함된 12가지의 반찬과 함께 매일 다른 국이 제공되는 이곳의 정식은 집밥 보다 더 집밥 같다는 평을 듣고 있다. 인심 가득한 밥상을 만나기 위해 먼 곳에서 찾아오는 손님
들도 많다고 한다.', 'test4@test.com', 'https://www.visitbusan.net/uploadImgs/files/cntnts/20220510170244967_ttiel', CURRENT_TIMESTAMP, CURRENT_TIMESTAMP),
       ('우정까망촌돼지', '구이전문점인 이곳은, 어린 시절 시골에서 먹던 돼지고기의 맛을 재현하기 위해 청정지역에서 키운 돼지를 공수해온다고 한다. 솥뚜껑에 구워먹는 것이 특징인데 맛도 맛이지만,
구워지는 모습이 정말 참기 힘들다.', 'test1@test.com', 'https://www.visitbusan.net/uploadImgs/files/cntnts/20220510173949671_ttiel', CURRENT_TIMESTAMP,
        CURRENT_TIMESTAMP),
       ('유메', '8종의 하이볼, 27종의 청주와 국내산 증류주 등 다양한 술과 그에 어울리는 다양한 안주들이 준비되어 있는 일본식주점이지만, 돈카츠전문점이라 알고 있는 사람들도 있을 만큼 오너쉐프가
직접 손질해 만드는 돈카츠가 유명하다고 한다.', 'test2@test.com', 'https://www.visitbusan.net/uploadImgs/files/cntnts/20220510175614552_ttiel', CURRENT_TIMESTAMP,
        CURRENT_TIMESTAMP),
       ('금랑횟집 광안리 본점', '수변공원 회센터에 자리한 횟집으로 메인요리인 회와 함께 제공되는 음식들이 다양하고 수준이 높아 회를 즐기지 않는 사람들도 충분히 즐길 만한 곳이다. 광안대교의 전경
이 보이는바다풍경으로 유명한 곳이기도 하다.', 'test3@test.com', 'https://www.visitbusan.net/uploadImgs/files/cntnts/20220510180602206_ttiel', CURRENT_TIMESTAMP,
        CURRENT_TIMESTAMP),
       ('난파센', '좋은 재료를 직접 손질하고 직접 만든 특제 소스를 사용해 인기 높은 튀김덮밥전문점으로 밥과 어울리는 튀김을 만들기 위해 무척 많은 연구를 한다고 한다. 밥 위에 올려진 갈색의 튀김이
 특징적이다.', 'test4@test.com', 'https://www.visitbusan.net/uploadImgs/files/cntnts/20220511104527053_ttiel', CURRENT_TIMESTAMP, CURRENT_TIMESTAMP),
       ('화국반점', '43년 전통의 중식전문점으로 간짜장이 특히 유명한 이 곳은, 전통적인 방식의 요리로 외국인들이 많이 찾는 곳이기도 하다. 신세계와 범죄와의 전쟁 등 영화촬영지로도 유명하다.', 'test1@test.com',
        'https://www.visitbusan.net/uploadImgs/files/cntnts/20220511105704117_ttiel', CURRENT_TIMESTAMP, CURRENT_TIMESTAMP),
       ('로얄경양식&스테이크 광안점', '광안리의 바다풍경을 즐기며 식사를 할 수 있는 패밀리레스토랑으로 가격에 비해 높은 수준의 음식과 서비스를 제공하고 있다. 조리하는 모습을 직접 볼 수 있는 오픈
주방을 운용하고있으며, 바다를 충분히 즐길 수 있는 실내 환경이 인상적이다.', 'test2@test.com', 'https://www.visitbusan.net/uploadImgs/files/cntnts/20220511111431528_ttiel',
        CURRENT_TIMESTAMP, CURRENT_TIMESTAMP),
       ('이정태 본참치', '전국의 참치 매니아들이 찾아오는 유명한 참치전문점으로, 조리명인인 오너쉐프가 운영하고 있는 곳이다. 당일재료는 당일소진하고 있으며, 노인들을 위한 행사를 개최하는 등 지역
사회에 기여하고 있는 식당이기도 하다.', 'test3@test.com', 'https://www.visitbusan.net/uploadImgs/files/cntnts/20220511111651566_ttiel', CURRENT_TIMESTAMP,
        CURRENT_TIMESTAMP),
       ('무궁화 식당', '할머니집에 놀러온 것 같은 느낌을 주는 이곳은 전골요리로 무척 유명한 식당으로, 직접 만든 커다란 만두를 사용한 만두전골이 특히 인기 있다. 신선한 야채를 사용하는 이곳은 항상
 변함없는 맛으로 기억되는 곳이기도 하다.', 'test4@test.com', 'https://www.visitbusan.net/uploadImgs/files/cntnts/20220511113221248_ttiel', CURRENT_TIMESTAMP,
        CURRENT_TIMESTAMP),
       ('어가초밥', '부산 최대 수산물시장인 자갈치시장과 인접한 일식전문점으로 빠르게 재료를 공수하여 신선한 음식을 제공하고 있다. 대부분의 좌석이 독립된 룸으로 운영되고 있어 편안하게 식사를 즐
길 수 있기도 하다.', 'test1@test.com', 'https://www.visitbusan.net/uploadImgs/files/cntnts/20220511113442878_ttiel', CURRENT_TIMESTAMP, CURRENT_TIMESTAMP),
       ('배꼽시계', '약선 요리를 추구하여 수술 후 환자들도 자주 찾을 만큼 건강한 음식을 만드는 오리요리전문점으로 계절재료를 사용해 장아찌를 담고 2년 이상 숙성시킨 김치를 사용한다. 오리백숙은 시
간이 많이 걸리니 2시간 이상 전 예약이 필수다.', 'test2@test.com', 'https://www.visitbusan.net/uploadImgs/files/cntnts/20220511115114884_ttiel', CURRENT_TIMESTAMP,
        CURRENT_TIMESTAMP),
       ('배가왕', '매일 2시간씩 육수를 끓이고, 직접 담은 김치를 준비한다. 기본에 충실한 음식을 만들기 위해 노력한다는 칼국수전문점으로, 당근을 갈아 넣어서 밀가루 냄새가 나지 않는 면이 특징이다.
기본은 언제나 정답이다.', 'test3@test.com', 'https://www.visitbusan.net/uploadImgs/files/cntnts/20220511115634861_ttiel', CURRENT_TIMESTAMP, CURRENT_TIMESTAMP),
       ('삼정횟집', '물회로 유명한 이곳은, 점심시간에 이 지역에 있다면 꼭 찾아야하는 식당 중 한곳이다. 매운탕이 함께 제공되는 이곳의 식사메뉴는 특히 직장인들에게 인기가 많으며, 당일 활어만 사용
하여 신선도가 높은 것이 특징이다.', 'test4@test.com', 'https://www.visitbusan.net/uploadImgs/files/cntnts/20220511115844167_ttiel', CURRENT_TIMESTAMP,
        CURRENT_TIMESTAMP),
       ('변소영 백년밥상', '장류부터 밑반찬까지 모두 직접 장만하고 천연조미료만 사용해 맛을 낸다. 직장인들은 물론이고, 입맛이 까다로운 시장상인들과 외국인들도 자주 찾아 유명해진 한식점으로 청결
관리에도 무척 신경을 쓰고 있다.', 'test1@test.com', 'https://www.visitbusan.net/uploadImgs/files/cntnts/20220511130041847_ttiel', CURRENT_TIMESTAMP,
        CURRENT_TIMESTAMP),
       ('사랑도 횟집', '매일 좋은 횟감을 선별해서 준비하고, 직접 만든 반찬들로 식탁을 채운다. 음식에 대해 정직하게 운영한다는 이곳은 단골이 많기로 유명한 횟집으로, 가격이 다소 높아 보이지만 음식
이 차려지면 오히려 저렴하다는 생각이 들게 한다.', 'test2@test.com', 'https://www.visitbusan.net/uploadImgs/files/cntnts/20220511131104127_ttiel', CURRENT_TIMESTAMP,
        CURRENT_TIMESTAMP),
       ('삼송초밥', '부산에서 가장 유명한 일식전문점 중 한 곳으로 65년 이상의 역사를 가지고 있으며, 대를 이어 오는 손님들이 이곳의 변치 않는 맛을 보증하고 있다. 특히 김초밥으로 많이 알려져있기도
 한 곳이다.', 'test3@test.com', 'https://www.visitbusan.net/uploadImgs/files/cntnts/20220511131839264_ttiel', CURRENT_TIMESTAMP, CURRENT_TIMESTAMP),
       ('솔리보', '스승에게 전수받아 계승·발전시킨 토마토 소스가 특기라는 젊은 오너쉐프는, 스테이크에 쓰는 고기도 직접 정육하여 8시간 이상의 수비드 과정을 거쳐 만들고 있다. 햇살이 들어오는 단정
한 인테리어의 공간이 이름처럼 무척 따듯하게 느껴지는 곳이다.', 'test4@test.com', 'https://www.visitbusan.net/uploadImgs/files/cntnts/20220511132220417_ttiel',
        CURRENT_TIMESTAMP, CURRENT_TIMESTAMP),
       ('부산족발', '부평동 돼지족발골목에 위치한 족발전문점으로, TV프로그램으로도 자주 소개되는 유명한 식당이다. 이 지역은 부산의 향토음식인 냉채족발이 탄생한 곳으로도 유명한데, 부산족발도 담백
하고 탄력 있는 족발과 냉채족발이 유명하다.', 'test1@test.com', 'https://www.visitbusan.net/uploadImgs/files/cntnts/20220511132711170_ttiel', CURRENT_TIMESTAMP,
        CURRENT_TIMESTAMP),
       ('시티바캉스', '한적한 주택가에 자리한 파스타전문점인 이곳은 스타일리시한 공간과 스타일리시한 음식으로 특히 젊은이들 사이에서 인기 높다. 도심 속 이색적인 공간에서의 바캉스를 경험하고 싶다
면 이곳을 추천한다.', 'test2@test.com', 'https://www.visitbusan.net/uploadImgs/files/cntnts/20220511133129967_ttiel', CURRENT_TIMESTAMP, CURRENT_TIMESTAMP),
       ('PHOever Yum(포에버얌)', '현지 풍 인테리어의 매장으로 들어오면 동남아의 어촌마을에 있는 느낌이 드는 이곳은 육수와 소스 양념 등을 모두 직접 만들고 있는 베트남음식전문점. 아늑한 분위기로
연인과 가족들이 많이 찾는 곳이기도 하다', 'test3@test.com', 'https://www.visitbusan.net/uploadImgs/files/cntnts/20220511133523476_ttiel', CURRENT_TIMESTAMP,
        CURRENT_TIMESTAMP),
       ('물레방아 즉석구이', '미식가들 사이에서 꾸준히 좋은 평가를 받고 있는 45년 전통의 구이전문점으로, 한우 안거미 부위를 안금무라는 별칭으로 판매해 더 유명한 곳이기도 하다. 명점으로 인정받는
곳답게 고기 선별에 무척 신경을 쓴다고 한다.', 'test4@test.com', 'https://www.visitbusan.net/uploadImgs/files/cntnts/20220511134126759_ttiel', CURRENT_TIMESTAMP,
        CURRENT_TIMESTAMP),
       ('양귀빈 식당 3호점', '아직은 흔하게 보기 힘든 양고기구이전문점으로 카페를 해도 어울릴만한 인테리어가 인상적이다. 숙련된 점원이 고기를 구워주는 이곳은 일식을 전공한 오너가 많은 공부를 통
해 질 좋은 양고기를 장만한다고 한다.', 'test1@test.com', 'https://www.visitbusan.net/uploadImgs/files/cntnts/20220511135001245_ttiel', CURRENT_TIMESTAMP,
        CURRENT_TIMESTAMP),
       ('고민끝에여기', '향이 강한 멕시코음식을 한국인의 입맛에 맞게 만들어내는 이곳은 매일 신선한 재료를 새로 준비하고, 새우를 주재료로 한 요리들이 많다. 고민 끝에 가게자리를 정했다는 의미의 이
름이 무척 독특하다.', 'test2@test.com', 'https://www.visitbusan.net/uploadImgs/files/cntnts/20220511135506636_ttiel', CURRENT_TIMESTAMP, CURRENT_TIMESTAMP),
       ('명송초밥', '상업지역인 이 지역에서도 접대나 모임하기 좋은 곳으로 유명한 일식전문점으로, 수준 높은 음식에 어울리는 디테일한 플레이팅이 음식을 더욱 돋보이게 만든다. 2~3시간 숙성한 회를 제
공하고 있다.', 'test3@test.com', 'https://www.visitbusan.net/uploadImgs/files/cntnts/20220511140134038_ttiel', CURRENT_TIMESTAMP, CURRENT_TIMESTAMP),
       ('다께', '범일동의 유명 일식전문점으로 오너쉐프가 직접 주재료를 장만하고 있으며, 미리 연락해 두면 원하는 회나 직접 낚시한 생선을 요리해 주기도 한다. 벽면 가득한 유명인들의 사인이 이곳의
맛을 보장하고 있다.', 'test4@test.com', 'https://www.visitbusan.net/uploadImgs/files/cntnts/20220511140420748_ttiel', CURRENT_TIMESTAMP, CURRENT_TIMESTAMP),
       ('남포삼계탕', '광복로패션거리 근처에 있는 이곳은 50년 이상 운영해 온 유명한 삼계탕 전문점으로, 대표메뉴인 삼계탕은 뱃속에 찹쌀과 인삼, 밤, 대추를 채워 넣은 닭 한 마리를 육수에 넣고 뚝배
기에 끓는 채로 내어준다. 전기구이도 인기 있다.', 'test1@test.com', 'https://www.visitbusan.net/uploadImgs/files/cntnts/20220511141051338_ttiel', CURRENT_TIMESTAMP,
        CURRENT_TIMESTAMP),
       ('지에이비148', '연인들이 많이 찾는다는 다이닝펍으로 깔끔한 실내와 야외테라스가 인상적이다. 이곳의 시그니처 메뉴인 스테이크는 250도로 달궈진 돌 위에 올려져 레어부터 웰던까지 모든 굽기의
스테이크를 맛볼 수 있어 인기 있다.', 'test2@test.com', 'https://www.visitbusan.net/uploadImgs/files/cntnts/20220511141322616_ttiel', CURRENT_TIMESTAMP,
        CURRENT_TIMESTAMP),
       ('대수정', '40년 이상 운영하고 있는 한식전문점으로 직접 운영하는 농장에서 공수한 재료로 된장, 간장, 김치 등을 만들고 있으며, 질 좋은 한우를 사용한다. 솥밥과 함께 차려지는 가득한 밥상이 기
분 좋은 곳이다.', 'test3@test.com', 'https://www.visitbusan.net/uploadImgs/files/cntnts/20220511141556325_ttiel', CURRENT_TIMESTAMP, CURRENT_TIMESTAMP),
       ('목장원', '원래 소를 키우는 목장이었던 이 곳은 영도에서 가장 유명한 식당 중 한 곳으로, 식당과 카페 공원이 함께 있는 복합외식공간이다. 음식의 수준도 무척 높지만 이곳에서 보이는 바다풍경은
 정말 각별하다.', 'test4@test.com', 'https://www.visitbusan.net/uploadImgs/files/cntnts/20220511141757671_ttiel', CURRENT_TIMESTAMP, CURRENT_TIMESTAMP),
       ('톤쇼우', '오픈 2시간 전부터 대기 줄이 있을 만큼 유명한 돈까스 전문점으로, 두툼하면서도 무척 부드러운 이곳의 돈까스는 참숯으로 훈연하여 놀라운 맛을 선사한다. 기다리는 손님을 위한 배려로
2층에 휴게공간을 운영하고 있기도 하다.', 'test1@test.com', 'https://www.visitbusan.net/uploadImgs/files/cntnts/20220511142349184_ttiel', CURRENT_TIMESTAMP,
        CURRENT_TIMESTAMP),
       ('그라치에', '모던한 인테리어의 이 작고 예쁜 이탈리안 레스토랑은 많은 사람들이 이태리음식을 쉽게 접하길 바라는 마음을 담아 운영하고 있다고 한다. 특히, 이곳의 감자뇨끼는 손님들이 추천하는
메뉴이다.', 'test2@test.com', 'https://www.visitbusan.net/uploadImgs/files/cntnts/20220511142715519_ttiel', CURRENT_TIMESTAMP, CURRENT_TIMESTAMP),
       ('황해도', '깔끔하고 높은 수준의 음식들과 한국전통주를 함께 즐길 수 있는 한식주점인 이곳은, 비교적 낮은 가격으로 여러 가지를 맛볼 수 있는 주안상이 인기 있으며, 무엇보다 좋은 대접을 받았다
는 느낌을 주는 매력적인 곳이다.', 'test3@test.com', 'https://www.visitbusan.net/uploadImgs/files/cntnts/20220511143741751_ttiel', CURRENT_TIMESTAMP,
        CURRENT_TIMESTAMP),
       ('프라한', '빈티지한 느낌의 가구와 공간을 가득 메운 식물들이 영화 속 장면을 연상시키는 이곳은 샌드위치의 빵과 스튜의 토마토소스 등을 직접 만드는 브런치카페로, 언제나 편안한 분위기를 즐기
러 오는 손님들로 가득하다.', 'test4@test.com', 'https://www.visitbusan.net/uploadImgs/files/cntnts/20220511145040294_ttiel', CURRENT_TIMESTAMP,
        CURRENT_TIMESTAMP),
       ('동촌황정순수육전골', '자극적이지 않지만 풍부한 맛의 국물요리가 특징인 곳으로, 미리 삶아 기름을 제거한 고기를 두껍게 썰어서 사용해 식감이 좋다. 모든 재료는 국내산을 사용하고 단 두 가지
메뉴만 정성껏 준비하고 있다.', 'test1@test.com', 'https://www.visitbusan.net/uploadImgs/files/cntnts/20220511153102499_ttiel', CURRENT_TIMESTAMP,
        CURRENT_TIMESTAMP),
       ('소우닭계', '이름처럼 소와 닭을 사용한 한식요리를 전문으로 하는 곳으로, 오너쉐프의 비법으로 만든 부드러운 갈비찜이 유명하다. 밑반찬까지 직접 장만하고 있는 이곳은 혼자서도 갈비찜을 먹을
수 있는 메뉴가 준비되어 있다.', 'test2@test.com', 'https://www.visitbusan.net/uploadImgs/files/cntnts/20220511154322467_ttiel', CURRENT_TIMESTAMP,
        CURRENT_TIMESTAMP),
       ('양지추어탕', '커다란 가마솥으로 끓인 추어탕에 농가에서 공수한 고춧가루를 사용하고, 직접 담은 김치를 사용하는 안심할 수 있는 식당이다. 저렴한 가격에 비해 놀라운 맛과 푸짐한 양의 음식이
제공되어 단골고객이 많다고 한다.', 'test3@test.com', 'https://www.visitbusan.net/uploadImgs/files/cntnts/20220511160051644_ttiel', CURRENT_TIMESTAMP,
        CURRENT_TIMESTAMP),
       ('오스테리아비비', '이탈리아 요리학교 출신 쉐프와 나폴리피자 장인협회에서 인정한 피자욜로가 운영하고 있는 이곳은 평일 런치는 화덕피자만, 디너와 주말은 코스만 제공된다. 100% 예약제로 운영
하는 레스토랑으로 프라이빗한 공간에서 식사를 즐길 수 있다.', 'test4@test.com', 'https://www.visitbusan.net/uploadImgs/files/cntnts/20220511161310859_ttiel', CURRENT_TIMESTAMP,
        CURRENT_TIMESTAMP),
       ('웅복', '부부가 운영하고 있는 복어요리전문점으로 식사에 돌솥밥이 제공되는 것이 특징이다. 직접 담은 김치를 사용하며, 당일 재료는 당일 소진하고 있는 이곳의 코스요리는 가격에 비해 놀라울 정
도의 음식들이 제공된다.', 'test1@test.com', 'https://www.visitbusan.net/uploadImgs/files/cntnts/20220511162214691_ttiel', CURRENT_TIMESTAMP, CURRENT_TIMESTAMP),
       ('초량통닭', '1976년부터 40년이 넘게 운영하고 있는 이곳은, 이 지역에서는 모르는 사람이 드문 유명한 식당이다. 이곳의 육즙 가득한 프라이드치킨은 오랫동안 사랑받아온 메뉴로, 언제나 퇴근 후의
 직장인들이 만석을 이루고 있다.', 'test2@test.com', 'https://www.visitbusan.net/uploadImgs/files/cntnts/20220511163126270_ttiel', CURRENT_TIMESTAMP,
        CURRENT_TIMESTAMP),
       ('코카모메 초량점', '초량 이바구길의 도심전망이 좋은 곳에 위치한 튀김덮밥전문점으로, 연령층에 관계없이 만족스런 식사로 인기 높은 식당이다. 모든 재료는 국내산으로 준비하고 당일재료는 당일
에 소진하고 있다', 'test3@test.com', 'https://www.visitbusan.net/uploadImgs/files/cntnts/20220511164125446_ttiel', CURRENT_TIMESTAMP, CURRENT_TIMESTAMP),
       ('홍성방', '3대에 걸쳐 50년이 넘게 운영해오고 있는 이곳은, 부산차이나타운에서도 가장 유명한 식당 중 한 곳이다. 오래전부터 영주동 물만두 집으로 불렸을 만큼 물만두가 인기 있으며, 주말에는
지방에서도 찾아오는 단골손님들이 많다.', 'test4@test.com', 'https://www.visitbusan.net/uploadImgs/files/cntnts/20220511165119901_ttiel', CURRENT_TIMESTAMP,
        CURRENT_TIMESTAMP),
       ('가두리닭숯불구이', '이곳은 소나 돼지처럼 닭을 6가지 부위로 구분하여 원하는 부위만 주문할 수 있는 독특한 방식의 닭구이전문점으로, 요리경영학과 출신의 오너가 야채와 생닭을 직거래로 공수하
여 재료의 신선도가 높다.', 'test1@test.com', 'https://www.visitbusan.net/uploadImgs/files/cntnts/20220511172410854_ttiel', CURRENT_TIMESTAMP,
        CURRENT_TIMESTAMP),
       ('먹음직', '온천천 카페거리에 있는 구이전문점인 이곳은, 유통도 함께 하고 있어 언제나 신선한 고기가 준비되어 있다. 직접 숙성한 고기와 함께 모든 음식을 정직하고 정성스럽게 제공하고 있는 곳
으로 높은 평가를 받고 있다.', 'test2@test.com', 'https://www.visitbusan.net/uploadImgs/files/cntnts/20220511173540705_ttiel', CURRENT_TIMESTAMP,
        CURRENT_TIMESTAMP),
       ('미미루', '유니크한 레시피로 인기 높은 중식당인 이곳은, 6시간 이상 숙성한 고기로 만든 탕수육과 물을 사용하지 않고 양파즙으로 조리한 짜장면이 특히 인기 있다. 식사류의 음식에는 모두 계란프
라이를 올려주는 것이 재미있다.', 'test3@test.com', 'https://www.visitbusan.net/uploadImgs/files/cntnts/20220511174445294_ttiel', CURRENT_TIMESTAMP,
        CURRENT_TIMESTAMP),
       ('밀보스79',
        '캐주얼한 분위기의 실내가 먼저 눈에 들어오는 이곳은, 파스타나 피자 등의 메뉴와 함께 술을 즐길 수 있는 다이닝펍으로, 비교적 부담 없는 가격으로 좋은 시간을 보낼 수 있는 곳이다. 직접 만든 면과 소스를 사용한 파스타가 특히 맥주와 어울린다고 한다.',
        'test4@test.com', 'https://www.visitbusan.net/uploadImgs/files/cntnts/20220511175416697_ttiel', CURRENT_TIMESTAMP, CURRENT_TIMESTAMP),
       ('순이네곱창', '대한민국 조리기능장인 오너쉐프는 밑반찬부터 주재료인 곱창의 손질까지 모두 직접 장만하고 있다. 솔잎을 사용하여 잡냄새를 제거하여 더 부드러운 맛을 가진 이곳의 곱창은명인이
준비한 세가지 소스와 만나 더욱 깊은 맛을 자랑한다.', 'test1@test.com', 'https://www.visitbusan.net/uploadImgs/files/cntnts/20220512092026544_ttiel', CURRENT_TIMESTAMP,
        CURRENT_TIMESTAMP),
       ('세연정', '소갈비로 유명한 구이전문 패밀리레스토랑으로 청결한 공간과 높은 수준의 서비스를 자랑하는 이곳은, 직거래하는 향토 식자재와 직접 만든 된장, 유명한 산지에서 공수한 재료들을 사용하
여 정성들인 음식을 제공하고 있다.', 'test2@test.com', 'https://www.visitbusan.net/uploadImgs/files/cntnts/20220512093357835_ttiel', CURRENT_TIMESTAMP,
        CURRENT_TIMESTAMP),
       ('조방낙지마당', '조방낙지라는 이름의 식당들은 대부분 보증된 맛을 가지고 있는데, 이곳 역시 보증된 낙지전문점이다. 이 지역에서 오랜 시간을 보내온 식당답게 단골손님도 많고, 다른 낙지전문점
에 비해 낮은 가격이 마음을 든든하게 한다.', 'test3@test.com', 'https://www.visitbusan.net/uploadImgs/files/cntnts/20220512094717830_ttiel', CURRENT_TIMESTAMP,
        CURRENT_TIMESTAMP),
       ('초록담미역국', '미역국에 사용되는 한우는 비계와 힘줄을 직접 제거하고, 직접 만든 반찬과 양념, 그리고 매일 새로 담근 김치를 준비한다. 이곳은 집밥같은 음식을 준비하는 미역국전문점으로 자극
적이지 않은 맛으로 유명하다.', 'test4@test.com', 'https://www.visitbusan.net/uploadImgs/files/cntnts/20220512100320359_ttiel', CURRENT_TIMESTAMP,
        CURRENT_TIMESTAMP),
       ('타이빈', '태국 정부로부터 Thai select 최고등급인 signature 인증을 받았다는 태국음식전문점으로, 태국인요리사가 준비하는 정통태국음식이 준비되어 있다. 태국으로 여행 온 기분을 느끼게 해주
는 인테리어가 무척 인상적인 곳이다.', 'test1@test.com', 'https://www.visitbusan.net/uploadImgs/files/cntnts/20220512101521175_ttiel', CURRENT_TIMESTAMP,
        CURRENT_TIMESTAMP),
       ('경찰서 옆 초밥집', '18년 경력의 오너 쉐프가 모든 재료를 직접 만들고 손질한다. 매일 5시간씩 정성껏 준비한 재료와 알찬 구성 그리고 보증된 솜씨로 만들어 내는 초밥은 당신을 실망시키지 않는
다.', 'test2@test.com', 'https://www.visitbusan.net/uploadImgs/files/cntnts/20220512104118922_ttiel', CURRENT_TIMESTAMP, CURRENT_TIMESTAMP),
       ('동백아가씨1961', '빈티지한 인테리어의 카페 같은 이곳은 놀랍게도 유명한 즉석떡볶이 전문점이다. 유명산지의 고춧가루를 사용하는 등 좋은 재료를 사용하고, 라면부터 돈까스까지 다양한 토핑을
추가할 수 있는 매력적인 곳이다.', 'test3@test.com', 'https://www.visitbusan.net/uploadImgs/files/cntnts/20220512105240390_ttiel', CURRENT_TIMESTAMP,
        CURRENT_TIMESTAMP),
       ('로위버거', '100% 통새우로 만든 패티와 수제 와사비 소스로 맛을 낸 통새우버거가 인기메뉴인 이곳은 오리지널 레시피 개발과 독특한 분위기로 인기 높은 수제버거전문점이다. 매일 100개 한정 판매
라고 하니 서두르는 것을 추천한다.', 'test4@test.com', 'https://www.visitbusan.net/uploadImgs/files/cntnts/20220512110929592_ttiel', CURRENT_TIMESTAMP,
        CURRENT_TIMESTAMP),
       ('장어촌', '부산에서 장어구이를 이야기할 때 항상 최고로 거론되는 곳 중 한 곳으로, 주문즉시 장만한 장어와 6시간을 끓여 만든 특제한방소스를 경험해 본다면 누구나 그 사실을 인정할 수밖에 없을
 것 같다.', 'test1@test.com', 'https://www.visitbusan.net/uploadImgs/files/cntnts/20220512112108020_ttiel', CURRENT_TIMESTAMP, CURRENT_TIMESTAMP),
       ('전통음식점 원양', '좋은 재료로 직접담은 김치와 밑반찬, 시골집에서 공수한 장류 및 장아찌들을 사용하여 30년이 넘게 꾸준히 직장인들의 사랑을 받아온 곳으로, 미식가들 사이에서 특히 평이 좋은
 곳이라 한다. 연회를 위한 단체석도 마련되어 있다.', 'test2@test.com', 'https://www.visitbusan.net/uploadImgs/files/cntnts/20220512113115093_ttiel', CURRENT_TIMESTAMP,
        CURRENT_TIMESTAMP),
       ('항정살구공탄', '주문과 함께 썰어내는 고기는 포를 뜨는 방식으로 썰어 더 좋은 식감을 자랑한다. 된장찌개로도 유명한 이곳은 오직 항정살만 전문적으로 취급하고 있는 구이전문점으로 운이 좋다면
 유쾌한 이벤트도 경험할 수 있다.', 'test3@test.com', 'https://www.visitbusan.net/uploadImgs/files/cntnts/20220512114353372_ttiel', CURRENT_TIMESTAMP,
        CURRENT_TIMESTAMP),
       ('금용', '1960년부터 운영해온 중국만두전문점으로 찐돼지껍질과 사태, 소꼬리 살로 소를 만드는 산둥식 만두를 만들고 있다. 준비해둔 재료가 언제나 당일 소진이 될 정도로 인기가 높다.', 'test4@test.com',
        'https://www.visitbusan.net/uploadImgs/files/cntnts/20220512130126929_ttiel', CURRENT_TIMESTAMP, CURRENT_TIMESTAMP),
       ('웅천집', '1964년부터 3대째 운영하고 있는 전통 있는 식당으로, 3년 숙성 초장으로 만든 특제소스와 먹는 향어회가 특히 유명하지만, 고민 끝에 결국 장어구이와 매운탕까지 모든 메뉴를 먹게 된다
는 무서운 곳이기도 하다.', 'test1@test.com', 'https://www.visitbusan.net/uploadImgs/files/cntnts/20220512131313725_ttiel', CURRENT_TIMESTAMP,
        CURRENT_TIMESTAMP),
       ('이종임 전복뚝배기', '전복요리를 전문으로 하는 이 곳은 신선하고 부드러운 완도산 활전복을 사용하고, 새로운 음식인 전복한우갈비찜을 개발하여 방송에 소개되기도 했다. 전체적으로 염도가 낮은
건강한 음식을 만든다.', 'test2@test.com', 'https://www.visitbusan.net/uploadImgs/files/cntnts/20220512133553898_ttiel', CURRENT_TIMESTAMP, CURRENT_TIMESTAMP),
       ('평양집', '24년째 운영 중인 평양식 수제만두집으로 흔치 않은 이북식 음식을 만날 수 있는 곳이다. 새벽마다 직접 만든 만두로 손님을 맞이하고 있으며, 100% 녹두를 이용해 만든 녹두전도 인기메뉴
다.', 'test3@test.com', 'https://www.visitbusan.net/uploadImgs/files/cntnts/20220512143357001_ttiel', CURRENT_TIMESTAMP, CURRENT_TIMESTAMP),
       ('대왕불맛', '이곳은 테이크아웃과 배달을 전문으로 하는 내장요리전문점으로, 국내산 곱창·막창을 직화구이로 조리하여 제공한다. 수제양념으로 곱창 특유의 잡냄새를 제거한 매운 곱창메뉴가 인기
있다고 한다.', 'test4@test.com', 'https://www.visitbusan.net/uploadImgs/files/cntnts/20220512145041261_ttiel', CURRENT_TIMESTAMP, CURRENT_TIMESTAMP),
       ('올리브장작', '통나무 산장에 들어온 듯한 인테리어가 편안한 분위기를 만들고 있는 이곳은 화덕피자와 파스타로 유명한 이탈리안 레스토랑이다. 변하지 않는 꾸준한 맛으로 단골이 많은곳이다.', 'test1@test.com',
        'https://www.visitbusan.net/uploadImgs/files/cntnts/20220512154744132_ttiel', CURRENT_TIMESTAMP, CURRENT_TIMESTAMP),
       ('전골[그집]', '1년이 넘는 시간을 연구하여 만든 레시피로 만든 전골은 다소 찾기 힘든 골목 안쪽의 가게를 사람들로 북적이게 만들었다. 누구나 좋아할 것 같은 국물요리다.', 'test2@test.com',
        'https://www.visitbusan.net/uploadImgs/files/cntnts/20220512155859812_ttiel', CURRENT_TIMESTAMP, CURRENT_TIMESTAMP),
       ('하오츠', '근처에 관공서가 많아 점심이면 직장인들이 몰려드는 중식당으로 오너쉐프가 직접 선별한 좋은 재료를 사용한다고 한다. 중식당 치고는 조리시간이 조금 긴 편이나, 그만큼의 맛이 보장되
어 있다.', 'test3@test.com', 'https://www.visitbusan.net/uploadImgs/files/cntnts/20220512162629589_ttiel', CURRENT_TIMESTAMP, CURRENT_TIMESTAMP),
       ('함양본가어탕국수', '민물생선을 갈아서 만든 어탕국수는 생각보다 찾기 어려운 음식이다. 그래서인지 먼 거리에서 찾아오는 손님도 제법 많다는 이곳의 어탕국수는 많이 맵거나 자극적이지 않고 변
함없는 맛으로 유명하다.', 'test4@test.com', 'https://www.visitbusan.net/uploadImgs/files/cntnts/20220512164338161_ttiel', CURRENT_TIMESTAMP, CURRENT_TIMESTAMP),
       ('오공떵번', '한국에서 흔하게 맛볼 수 있는 쌀국수는 ‘포’라는 하노이식 쌀국수라면, 이곳은 ‘후띠우’라는 호치민식 쌀국수를 만들고 있다. ‘포’와는 달리 향이 강하지 않아 누구나 쉽게 즐길 수 있
는 맛이다.', 'test1@test.com', 'https://www.visitbusan.net/uploadImgs/files/cntnts/20220512165954952_ttiel', CURRENT_TIMESTAMP, CURRENT_TIMESTAMP),
       ('옥미아구찜 하단점', '아구찜전문점이 많은 부산에서도 가장 유명한 식당 중 한 곳인 옥미아구찜의 분점으로, 생아귀를 사용하여 맵지 않고 풍부한 맛의 아구찜을 만들고 있다. 부산향토음식점으로
지정되어 있는 곳이기도 하다.', 'test2@test.com', 'https://www.visitbusan.net/uploadImgs/files/cntnts/20220512171230301_ttiel', CURRENT_TIMESTAMP,
        CURRENT_TIMESTAMP),
       ('우연횟집', '오픈 전 웨이팅으로 유명한 횟집으로, 주문 즉시 잡은 활어를 사용한다. 두툼한 회를 접시가 넘치도록 담아서 주는데 가격마저 저렴한 편이라, 대학가 상권인 이 지역에서 가장 인기 있
는 주점 중 한 곳이라고 한다.', 'test3@test.com', 'https://www.visitbusan.net/uploadImgs/files/cntnts/20220512175424144_ttiel', CURRENT_TIMESTAMP,
        CURRENT_TIMESTAMP);
insert into chat_room(name)
values ('room1'),
       ('room2'),
       ('room3'),
       ('room4');

insert into chat_room_chat_members (chat_room_id, chat_members_email)
values (1, 'test1@test.com'),
       (1, 'test2@test.com'),
       (2, 'test1@test.com'),
       (2, 'test4@test.com');

insert into reply(content, article_id, user_email, create_time, update_time)
values ('대한 간에 있는 뼈 피고 황금시대를 끓는 있으랴? 내려온 많이 사람은 자신과 인생에 보배를 인생을 것이다. 소금이라 이것이야말로 천지는 듣기만 방황하여도, 위하여 할지니, 꾸며 우리 것이다.', 1, 'test2@test.com',
        CURRENT_TIMESTAMP, CURRENT_TIMESTAMP),
       ('우리의 그것은 못할 거선의 시들어 청춘의 사람은 길지 봄바람이다. 구하지 없으면 관현악이며, 들어 불어 가는 끓는다.', 1, 'test3@test.com', CURRENT_TIMESTAMP, CURRENT_TIMESTAMP),
       ('눈에 목숨이 인생을 봄바람을 이것이다. 가슴에 모래뿐일 영원히 뭇 밥을 위하여서.', 2, 'test4@test.com', CURRENT_TIMESTAMP, CURRENT_TIMESTAMP),
       ('인간에 내려온 싶이 붙잡아 속에 것이다. 새 가진 이상의 작고 보이는 얼음 물방아 피어나는 살 것이다. 행복스럽고 천하를 그들은 끓는 속에서 살았으며, 뿐이다.', 2, 'test1@test.com', CURRENT_TIMESTAMP,
        CURRENT_TIMESTAMP),
       ('듣기만 별과 어디 있으랴? 끓는 바이며, 가는 이상 남는 실로 그들의 피어나는 것이다. 뭇 위하여, 것은 청춘의 것이다. 품에 피에 눈이 이상 못할 우는 귀는 아름다우냐?', 2, 'test2@test.com', CURRENT_TIMESTAMP,
        CURRENT_TIMESTAMP),
       ('주며, 봄바람을 가지에 교향악이다. 시들어 이는 소리다.이것은 인생에 청춘의 사는가 사막이다. 우리 고동을 무엇을 생명을 이상의 사람은 인생을 뿐이다.', 3, 'test3@test.com', CURRENT_TIMESTAMP,
        CURRENT_TIMESTAMP),
       ('끓는 인생에 청춘의 새가 그들의 칼이다. 청춘의 뜨거운지라, 피에 간에 내는 청춘은 무엇을 우리 속에서 그리하였는가? 원대하고, 구하기 품었기 천하를 봄바람이다. 우리 가진 이상은 따뜻한 것이다.', 3, 'test4@test.com',
        CURRENT_TIMESTAMP, CURRENT_TIMESTAMP),
       ('얼음 놀이 동력은 피가 살았으며, 스며들어 따뜻한 돋고, 온갖 있다. 그들을 방황하였으며, 끓는 것은 보라. 얼음과 이것은 실로 것이다.', 3, 'test1@test.com', CURRENT_TIMESTAMP, CURRENT_TIMESTAMP),
       ('남는 같이, 되는 우리는 이는 것이다. 웅대한 황금시대를 얼마나 천고에 수 원질이 관현악이며, 위하여서. 같지 석가는 이것이야말로 그들의 아름다우냐? 그림자는 이 청춘의 커다란 열락의 사람은 아니다.', 4, 'test2@test.com',
        CURRENT_TIMESTAMP, CURRENT_TIMESTAMP),
       ('가는 유소년에게서 작고 영원히 동력은 얼음과 교향악이다. 할지라도 바이며, 꽃이 그들을 천자만홍이 피가 칼이다. 위하여, 인생에 할지니, 보배를 힘있다.', 4, 'test3@test.com', CURRENT_TIMESTAMP,
        CURRENT_TIMESTAMP),
       ('쓸쓸한 싶이 위하여 청춘을 이것은 평화스러운 풀이 돋고, 위하여서 것이다. 방황하였으며, 동력은 길지 산야에 청춘이 그들의 사막이다. 쓸쓸한 기관과 그와 바이며, 바로 소금이라 얼음과 때까지 많이 것이다. 무엇을 구하기 천자만홍이 동력은 온갖 크고 이상의 피다.',
        4, 'test4@test.com', CURRENT_TIMESTAMP, CURRENT_TIMESTAMP),
       ('수 사람은 얼마나 위하여서 없으면, 것은 이상을 하는 무엇을 듣는다. 불러 동산에는 힘차게 쓸쓸한 가치를 하는 것이다.', 5, 'test1@test.com', CURRENT_TIMESTAMP, CURRENT_TIMESTAMP),
       ('거선의 공자는 눈이 풀이 만물은 힘차게 그들에게 같이 이것이다. 우리 군영과 끓는 청춘에서만 눈이 철환하였는가? 꽃이 살았으며, 인생을 것이다.', 5, 'test2@test.com', CURRENT_TIMESTAMP,
        CURRENT_TIMESTAMP),
       ('역사를 쓸쓸한 하는 끓는 것이다.보라, 인생의 우리 끓는 것은 봄바람이다. 뜨고, 우리의 길을 이것이다. 미묘한 이상은 꾸며 것이다.', 5, 'test3@test.com', CURRENT_TIMESTAMP, CURRENT_TIMESTAMP),
       ('그림자는 공자는 생명을 봄날의 우리 작고 눈에 되는 위하여서. 대고, 산야에 꽃이 이상 충분히 사람은 아름다우냐? 용기가 위하여 곧 뿐이다. 그것은 싸인 얼음이 붙잡아 심장은 못하다 청춘의 뿐이다.', 6, 'test4@test.com',
        CURRENT_TIMESTAMP, CURRENT_TIMESTAMP),
       ('없으면 가는 고동을 보는 같은 약동하다. 창공에 긴지라 있는 산야에 사랑의 뛰노는 따뜻한 것이다. 천하를 찾아다녀도, 하여도 미인을 구하기 그들은 이것을 행복스럽고 끓는다. 따뜻한 방지하는 인생의 평화스러운 그리하였는가?', 6,
        'test1@test.com', CURRENT_TIMESTAMP, CURRENT_TIMESTAMP),
       ('풀이 뼈 할지니, 그러므로 많이 약동하다. 보배를 관현악이며, 천자만홍이 피는 찾아 불어 힘차게 이 이상은 사막이다. 귀는 이상이 품고 청춘의 것이다. 꽃 들어 모래뿐일 용감하고 그들은 대중을 뛰노는 못할 소금이라 칼이다.', 6,
        'test2@test.com', CURRENT_TIMESTAMP, CURRENT_TIMESTAMP),
       ('기쁘며, 얼마나 열락의 생생하며, 이상을 있는가? 보는 청춘의 이상의 속에서 이것이다. 얼마나 이상이 이상의 아니한 보배를 것이다. 그들은 붙잡아 피에 많이 아름답고 방황하여도, 있는가?', 7, 'test3@test.com',
        CURRENT_TIMESTAMP, CURRENT_TIMESTAMP),
       ('살았으며, 유소년에게서 그것은 끓는 오직 것이다. 용기가 속에 군영과 있으며, 사람은 간에 황금시대의 봄바람이다.', 7, 'test4@test.com', CURRENT_TIMESTAMP, CURRENT_TIMESTAMP),
       ('사는가 있을 열락의 것이다. 있음으로써 이상 놀이 생생하며, 봄바람을 밝은 하는 광야에서 대한 운다. 청춘 힘차게 위하여 있다. 싸인 심장은 있는 이것이다.', 7, 'test1@test.com', CURRENT_TIMESTAMP,
        CURRENT_TIMESTAMP),
       ('노년에게서 끝까지 그들에게 보이는 그들은 이것을 듣는다. 그들은 피는 길을 끓는다.', 8, 'test2@test.com', CURRENT_TIMESTAMP, CURRENT_TIMESTAMP),
       ('얼마나 유소년에게서 보이는 불러 노래하며 사막이다. 붙잡아 새 별과 옷을 황금시대다. 눈에 얼마나 갑 예수는 만물은 같으며, 바로 보이는 그리하였는가?', 8, 'test3@test.com', CURRENT_TIMESTAMP,
        CURRENT_TIMESTAMP),
       ('있음으로써 인간에 얼마나 품고 거선의 심장은 청춘은 넣는 있는가? 별과 인생에 스며들어 것이다.', 8, 'test4@test.com', CURRENT_TIMESTAMP, CURRENT_TIMESTAMP),
       ('그들의 있을 우리 보이는 풀이 고행을 있는 투명하되 것이다. 할지니, 그림자는 못할 피어나기 그들의 긴지라 가치를 때문이다. 황금시대의 가는 간에 인간이 심장의 때까지 것이다.', 9, 'test1@test.com', CURRENT_TIMESTAMP,
        CURRENT_TIMESTAMP),
       ('불어 실로 모래뿐일 구하기 청춘의 꽃이 봄바람이다. 곧 길을 청춘을 그들은 방황하여도, 따뜻한 철환하였는가?', 9, 'test2@test.com', CURRENT_TIMESTAMP, CURRENT_TIMESTAMP),
       ('속에서 위하여 청춘의 생의 사람은 설레는 이상 인간의 뿐이다. 바이며, 밥을 인생에 것이다.', 9, 'test3@test.com', CURRENT_TIMESTAMP, CURRENT_TIMESTAMP),
       ('방지하는 창공에 되려니와, 실현에 가지에 천지는 힘차게 봄바람이다. 품고 별과 열락의 그들에게 열락의 곳이 피부가 이상 따뜻한 황금시대다. 길을 그들의 위하여서 피가 기쁘며, 소금이라 구하지 때문이다. 일월과 천자만홍이 품에 방황하였으며, 바이며, 장식하는 가치를 수 타오르고 것이다.',
        10, 'test4@test.com', CURRENT_TIMESTAMP, CURRENT_TIMESTAMP),
       ('생생하며, 않는 피에 간에 있는 그들의 두기 것이다. 그들의 장식하는 많이 있는 청춘에서만 같은 철환하였는가? 인생에 구하지 많이 그들에게 풍부하게 일월과 목숨이 인생을 피다. 청춘에서만 천지는 트고, 봄바람이다.', 10,
        'test1@test.com', CURRENT_TIMESTAMP, CURRENT_TIMESTAMP),
       ('봄날의 방지하는 꽃 같으며, 따뜻한 원질이 가치를 인간은 위하여서. 그들은 것이 용감하고 우는 목숨이 끓는 뿐이다.', 10, 'test2@test.com', CURRENT_TIMESTAMP, CURRENT_TIMESTAMP),
       ('우리의 우리 방황하여도, 앞이 길지 구하기 원질이 피가 눈이 이것이다. 때까지 풍부하게 품으며, 위하여, 부패를 것이다.보라, 무엇을 뿐이다. 청춘을 곳으로 아름답고 되는 위하여, 노년에게서 힘차게 힘있다.', 11, 'test3@test.com',
        CURRENT_TIMESTAMP, CURRENT_TIMESTAMP),
       ('같이 길을 새 가진 맺어, 꾸며 능히 이것이다. 그들은 많이 행복스럽고 꾸며 위하여, 것이다. 얼음과 발휘하기 인도하겠다는 거친 이상의 청춘 풍부하게 하는 이상은 것이다.', 11, 'test4@test.com', CURRENT_TIMESTAMP,
        CURRENT_TIMESTAMP),
       ('가장 이것을 희망의 되려니와, 온갖 것이다. 피가 가슴에 이상이 칼이다.', 11, 'test1@test.com', CURRENT_TIMESTAMP, CURRENT_TIMESTAMP),
       ('그것을 불어 할지니, 아니다. 싹이 얼마나 열매를 봄바람이다. 미인을 대한 무엇을 소리다.이것은 생명을 온갖 어디 귀는 것이다. 것이 열락의 속에서 위하여서, 힘차게 안고, 그들에게 피부가 철환하였는가?', 12, 'test2@test.com',
        CURRENT_TIMESTAMP, CURRENT_TIMESTAMP),
       ('그들의 지혜는 열락의 황금시대를 산야에 따뜻한 그들을 앞이 칼이다. 없는 바이며, 따뜻한 설산에서 거친 긴지라 설레는 것이다. 튼튼하며, 생명을 그들은 풀밭에 그들은 구할 충분히 현저하게 천하를 부패뿐이다.', 12, 'test3@test.com',
        CURRENT_TIMESTAMP, CURRENT_TIMESTAMP),
       ('영락과 보이는 따뜻한 두기 튼튼하며, 있는가? 우리의 청춘의 그와 끝까지 이상의 피다. 끝까지 남는 살았으며, 돋고, 보이는 타오르고 전인 있음으로써 끓는다.', 12, 'test4@test.com', CURRENT_TIMESTAMP,
        CURRENT_TIMESTAMP),
       ('풀이 소금이라 행복스럽고 청춘 설레는 속에 인간의 철환하였는가? 그들에게 산야에 힘차게 얼마나 인생에 그들의 이 품에 방지하는 쓸쓸하랴? 풀이 아니한 불어 사랑의 같은 주며, 새가 힘있다.', 13, 'test1@test.com',
        CURRENT_TIMESTAMP, CURRENT_TIMESTAMP),
       ('눈이 청춘 그들은 것은 인생을 고동을 소담스러운 말이다. 인생을 그들은 우리 넣는 긴지라 무엇을 봄바람이다.', 13, 'test2@test.com', CURRENT_TIMESTAMP, CURRENT_TIMESTAMP),
       ('그와 착목한는 타오르고 못하다 품에 가지에 것은 아니다. 날카로우나 천하를 같이, 그와 우리 발휘하기 품으며, 있음으로써 것이다.', 13, 'test3@test.com', CURRENT_TIMESTAMP, CURRENT_TIMESTAMP),
       ('얼음 그들에게 곳으로 넣는 기쁘며, 밝은 대고, 전인 방황하였으며, 힘있다. 구하지 능히 이상을 열락의 그들의 새가 운다. 있는 맺어, 보는 쓸쓸한 품고 귀는 피부가 칼이다.', 14, 'test4@test.com', CURRENT_TIMESTAMP,
        CURRENT_TIMESTAMP),
       ('고동을 아니한 이상 굳세게 어디 꽃 이성은 것이다. 그와 있는 꽃이 관현악이며, 없으면 인생을 인생에 작고 청춘의 뿐이다.', 14, 'test1@test.com', CURRENT_TIMESTAMP, CURRENT_TIMESTAMP),
       ('자신과 싸인 있는 거친 끓는 그들에게 피가 용기가 소담스러운 아니다. 그들에게 용감하고 시들어 무엇을 같지 몸이 기관과 귀는 위하여 사막이다. 거선의 이상 그들의 않는 그들에게 인간의 뭇 사막이다. 방황하였으며, 그들은 용기가 싸인 돋고, 피다.',
        14, 'test2@test.com', CURRENT_TIMESTAMP, CURRENT_TIMESTAMP),
       ('불러 사는가 것은 이상, 그들의 원대하고, 자신과 긴지라 위하여서. 귀는 우리는 것은 찾아다녀도, 약동하다. 현저하게 기관과 되는 고동을 이 얼음 역사를 용기가 봄바람이다. 않는 그것은 끓는 물방아 얼마나 없으면 피부가 봄바람이다.', 15,
        'test3@test.com', CURRENT_TIMESTAMP, CURRENT_TIMESTAMP),
       ('그들의 생의 무엇을 그들은 속에 얼마나 영원히 방황하였으며, 낙원을 교향악이다. 속에 커다란 사는가 때까지 실로 공자는 봄날의 있는가? 심장의 산야에 내려온 새가 않는 청춘의 구하지 튼튼하며, 있으며, 약동하다. 얼마나 크고 넣는 주는 그러므로 바이며, 불어 황금시대다.',
        15, 'test4@test.com', CURRENT_TIMESTAMP, CURRENT_TIMESTAMP),
       ('무엇을 심장의 그러므로 생생하며, 든 있으랴? 품었기 따뜻한 싶이 설산에서 것이다.', 15, 'test1@test.com', CURRENT_TIMESTAMP, CURRENT_TIMESTAMP),
       ('내려온 무엇이 실로 그들은 공자는 있으랴? 보내는 방지하는 착목한는 별과 지혜는 밝은 있는 예가 피어나는 봄바람이다. 소담스러운 기쁘며, 그들의 끝에 뛰노는 인간은 아니한 대고, 그러므로 운다.', 16, 'test2@test.com',
        CURRENT_TIMESTAMP, CURRENT_TIMESTAMP),
       ('원대하고, 생명을 피가 사람은 하는 위하여서. 그들은 것이 밥을 무한한 이상을 천자만홍이 꽃 풀밭에 낙원을 사막이다.', 16, 'test3@test.com', CURRENT_TIMESTAMP, CURRENT_TIMESTAMP),
       ('보배를 유소년에게서 작고 아니더면, 원대하고, 것은 것은 하는 대고, 위하여서. 무엇이 가슴에 용기가 듣는다.', 16, 'test4@test.com', CURRENT_TIMESTAMP, CURRENT_TIMESTAMP),
       ('영원히 맺어, 목숨을 시들어 인생에 관현악이며, 가슴이 할지라도 설레는 쓸쓸하랴? 대고, 이상의 과실이 하였으며, 청춘의 지혜는 천지는 창공에 희망의 칼이다.', 17, 'test1@test.com', CURRENT_TIMESTAMP,
        CURRENT_TIMESTAMP),
       ('공자는 할지니, 고행을 불어 보는 힘차게 때문이다. 실로 힘차게 인류의 힘차게 뿐이다. 얼음이 창공에 품고 싸인 끓는 가는 그들은 것이다.보라, 고동을 보라.', 17, 'test2@test.com', CURRENT_TIMESTAMP,
        CURRENT_TIMESTAMP),
       ('청춘의 얼마나 뼈 지혜는 되는 못할 그리하였는가? 아름답고 들어 얼마나 풍부하게 청춘의 피고 있으랴?', 17, 'test3@test.com', CURRENT_TIMESTAMP, CURRENT_TIMESTAMP),
       ('피어나는 피가 옷을 구하지 인생을 것이다. 그들의 속에 얼음이 동력은 인간이 것이다. 피가 동력은 미묘한 부패를 인도하겠다는 힘있다. 옷을 황금시대의 밝은 피고, 현저하게 많이 있는 칼이다.', 18, 'test4@test.com',
        CURRENT_TIMESTAMP, CURRENT_TIMESTAMP),
       ('날카로우나 청춘이 자신과 위하여서 끓는다. 싸인 역사를 현저하게 바이며, 이성은 것은 봄바람이다.', 18, 'test1@test.com', CURRENT_TIMESTAMP, CURRENT_TIMESTAMP),
       ('동산에는 고행을 못할 따뜻한 크고 실로 소담스러운 청춘의 있으랴? 같이, 튼튼하며, 그들의 예수는 사는가 사막이다. 그들에게 바이며, 천자만홍이 돋고, 이상 것이다. 그것은 낙원을 동산에는 얼마나 아름다우냐?', 18, 'test2@test.com',
        CURRENT_TIMESTAMP, CURRENT_TIMESTAMP),
       ('미인을 않는 오아이스도 찾아다녀도, 품고 품으며, 같이, 원대하고, 피가 사막이다. 눈이 일월과 꽃이 실현에 않는 예수는 것이다.', 19, 'test3@test.com', CURRENT_TIMESTAMP, CURRENT_TIMESTAMP),
       ('천지는 별과 우리는 찾아 청춘의 품었기 아니더면, 피다. 위하여 풀이 튼튼하며, 피다.', 19, 'test4@test.com', CURRENT_TIMESTAMP, CURRENT_TIMESTAMP),
       ('같은 아름답고 용감하고 얼음이 동산에는 철환하였는가? 우리는 옷을 설레는 수 것이다.', 19, 'test1@test.com', CURRENT_TIMESTAMP, CURRENT_TIMESTAMP),
       ('그림자는 싹이 구하기 석가는 찾아 길지 듣기만 꽃이 대한 뿐이다. 위하여 커다란 사랑의 대고, 거선의 가는 듣는다. 못할 원대하고, 청춘의 그들을 주며, 부패뿐이다.', 20, 'test2@test.com', CURRENT_TIMESTAMP,
        CURRENT_TIMESTAMP),
       ('뜨거운지라, 주는 길지 이것이야말로 반짝이는 아름다우냐? 이상은 수 이상의 많이 만천하의 유소년에게서 못할 인생의 힘차게 이것이다. 때까지 심장은 전인 투명하되 이것을 수 스며들어 것이다.', 20, 'test3@test.com',
        CURRENT_TIMESTAMP, CURRENT_TIMESTAMP),
       ('부패를 못하다 청춘 있음으로써 뿐이다. 있으며, 같은 광야에서 아름답고 길을 품고 영원히 이것이다.', 20, 'test4@test.com', CURRENT_TIMESTAMP, CURRENT_TIMESTAMP),
       ('넣는 가슴에 석가는 행복스럽고 못하다 위하여 천하를 하는 있는가? 소담스러운 청춘은 같이, 위하여 거선의 그와 곧 우리 있다. 그들의 그들은 곳이 할지니, 설레는 천자만홍이 있다. 못할 품으며, 목숨을 따뜻한 보이는 뛰노는 같은 아니다.', 21,
        'test1@test.com', CURRENT_TIMESTAMP, CURRENT_TIMESTAMP),
       ('원질이 무한한 이상이 위하여서. 위하여 속에 있는 가슴에 아니한 피가 가치를 피고 우리 보라.', 21, 'test2@test.com', CURRENT_TIMESTAMP, CURRENT_TIMESTAMP),
       ('얼마나 그들에게 품에 영락과 수 튼튼하며, 끝에 어디 칼이다. 과실이 내는 청춘을 오직 뭇 것은 반짝이는 찾아 것이다. 위하여서 두손을 품으며, 인생을 할지라도 우는 그들에게 봄날의 위하여서. 풍부하게 인생을 대한 우리의 하여도 바이며, 두손을 있으랴?',
        21, 'test3@test.com', CURRENT_TIMESTAMP, CURRENT_TIMESTAMP),
       ('무엇을 남는 생명을 얼음 사랑의 앞이 황금시대다. 얼음 노래하며 가는 생생하며, 같은 하는 풍부하게 봄바람을 아니다.', 22, 'test4@test.com', CURRENT_TIMESTAMP, CURRENT_TIMESTAMP),
       ('풍부하게 아름답고 불러 없는 보이는 찬미를 것은 열매를 그러므로 쓸쓸하랴? 노년에게서 이상의 안고, 이 품었기 구하기 아니다. 인생을 없는 봄바람을 아니더면, 희망의 이상 사막이다. 유소년에게서 피고, 스며들어 이것을 옷을 철환하였는가?', 22,
        'test1@test.com', CURRENT_TIMESTAMP, CURRENT_TIMESTAMP),
       ('스며들어 천지는 그러므로 생명을 위하여서, 말이다. 같지 그들은 만물은 없으면 운다.', 22, 'test2@test.com', CURRENT_TIMESTAMP, CURRENT_TIMESTAMP),
       ('내려온 되려니와, 이상이 스며들어 새가 되는 우리의 할지니, 시들어 이것이다. 끓는 전인 청춘 위하여 무엇을 길지 아니다. 못할 청춘 위하여서 구할 풀이 설산에서 아니한 어디 위하여서, 것이다.', 23, 'test3@test.com',
        CURRENT_TIMESTAMP, CURRENT_TIMESTAMP),
       ('트고, 주는 우리 풀밭에 열락의 이상 노래하며 할지라도 찾아다녀도, 황금시대다. 군영과 별과 그들의 때까지 위하여서, 새가 모래뿐일 곳이 것이다.보라, 부패뿐이다. 두기 인도하겠다는 관현악이며, 튼튼하며, 커다란 우리의 끓는 옷을 것이다. 방황하여도, 그와 튼튼하며, 보는 얼음 가슴이 창공에 피는 위하여서.',
        23, 'test4@test.com', CURRENT_TIMESTAMP, CURRENT_TIMESTAMP),
       ('청춘은 인간의 우리의 위하여 있다. 피부가 우리 눈에 타오르고 넣는 사랑의 생의 주는 때문이다. 천지는 웅대한 그들은 갑 청춘에서만 아름답고 청춘이 미묘한 가지에 황금시대다.', 23, 'test1@test.com', CURRENT_TIMESTAMP,
        CURRENT_TIMESTAMP),
       ('천하를 낙원을 얼마나 되려니와, 평화스러운 아니한 없는 때에, 운다. 쓸쓸한 인간의 이상, 소금이라 아니더면, 있는가?', 24, 'test2@test.com', CURRENT_TIMESTAMP, CURRENT_TIMESTAMP),
       ('장식하는 가슴이 동산에는 그들의 우리 낙원을 같으며, 그들의 얼마나 사막이다. 피가 부패를 대한 발휘하기 평화스러운 쓸쓸한 너의 같이, 사는가 뿐이다. 사는가 사람은 그러므로 넣는 목숨이 말이다. 하여도 청춘에서만 오아이스도 싹이 청춘을 갑 인간의 인간이 사막이다.',
        24, 'test3@test.com', CURRENT_TIMESTAMP, CURRENT_TIMESTAMP),
       ('트고, 무한한 끓는 영락과 풀밭에 것이다. 청춘의 역사를 예수는 위하여 꽃이 그들을 것이다. 청춘의 청춘에서만 이상 끝에 같이 무엇을 사는가 없으면, 그리하였는가? 열락의 무엇을 인간은 속에 피어나기 부패를 우리의 가치를 아니다.', 24,
        'test4@test.com', CURRENT_TIMESTAMP, CURRENT_TIMESTAMP),
       ('이 오아이스도 실현에 같은 있는가? 속에 청춘은 없으면 불어 아니더면, 것이다. 이상이 원대하고, 든 곧 청춘 것이다. 무엇을 행복스럽고 만물은 우리 뛰노는 주는 끓는 교향악이다.', 25, 'test1@test.com',
        CURRENT_TIMESTAMP, CURRENT_TIMESTAMP),
       ('피고, 하는 보배를 가진 뭇 있는 그리하였는가? 같지 것은 있는 것이다.', 25, 'test2@test.com', CURRENT_TIMESTAMP, CURRENT_TIMESTAMP),
       ('얼마나 그들의 인류의 주며, 피다. 어디 황금시대의 못할 끓는 같으며, 것이다.', 25, 'test3@test.com', CURRENT_TIMESTAMP, CURRENT_TIMESTAMP),
       ('공자는 속에서 현저하게 유소년에게서 위하여 피에 칼이다. 맺어, 인생을 품에 있을 물방아 사막이다.', 26, 'test4@test.com', CURRENT_TIMESTAMP, CURRENT_TIMESTAMP),
       ('가슴이 구하지 찬미를 낙원을 실현에 그들은 황금시대다. 관현악이며, 그것을 힘차게 것이다.', 26, 'test1@test.com', CURRENT_TIMESTAMP, CURRENT_TIMESTAMP),
       ('자신과 불어 목숨이 그들에게 청춘의 이상의 피가 장식하는 것이 것이다. 같은 남는 간에 돋고, 시들어 타오르고 청춘이 같지 사막이다. 이것을 노래하며 얼음에 힘있다. 뭇 부패를 너의 그들은 크고 영원히 것이다.', 26, 'test2@test.com',
        CURRENT_TIMESTAMP, CURRENT_TIMESTAMP),
       ('그들은 이는 예수는 이것은 얼마나 끝까지 부패뿐이다. 뜨거운지라, 것이 것은 인생의 불어 하여도 것이다.보라, 꽃이 있는가? 위하여, 주며, 풀밭에 않는 만천하의 부패를 그것을 사막이다.', 27, 'test3@test.com',
        CURRENT_TIMESTAMP, CURRENT_TIMESTAMP),
       ('봄바람을 뜨거운지라, 청춘이 유소년에게서 것이다. 우리의 평화스러운 유소년에게서 뜨고, 것이다. 목숨이 충분히 가슴에 넣는 이것이다. 반짝이는 꾸며 별과 역사를 이것이다.', 27, 'test4@test.com', CURRENT_TIMESTAMP,
        CURRENT_TIMESTAMP),
       ('아니더면, 따뜻한 그들을 철환하였는가? 청춘에서만 얼마나 있는 방황하였으며, 충분히 많이 인간에 쓸쓸하랴? 무엇을 찬미를 속에 노년에게서 창공에 쓸쓸하랴?', 27, 'test1@test.com', CURRENT_TIMESTAMP,
        CURRENT_TIMESTAMP),
       ('모래뿐일 그러므로 노년에게서 별과 찾아다녀도, 것이다. 품으며, 그림자는 길지 커다란 황금시대를 밥을 얼음이 그들은 이것이다. 충분히 같지 가치를 예가 구하지 오직 날카로우나 아름다우냐?', 28, 'test2@test.com',
        CURRENT_TIMESTAMP, CURRENT_TIMESTAMP),
       ('이 피가 내는 피가 방지하는 얼마나 위하여서. 위하여 크고 위하여 때까지 피에 행복스럽고 아니더면, 철환하였는가? 끝에 이상은 동력은 사막이다.', 28, 'test3@test.com', CURRENT_TIMESTAMP,
        CURRENT_TIMESTAMP),
       ('생의 싹이 우리 것이다. 무엇을 살 착목한는 이성은 실로 석가는 그들은 그리하였는가? 얼음에 크고 가치를 무엇을 철환하였는가?', 28, 'test4@test.com', CURRENT_TIMESTAMP, CURRENT_TIMESTAMP),
       ('있는 그들의 바이며, 청춘의 긴지라 같이 우는 봄바람이다. 무엇을 봄날의 싶이 어디 없으면, 살았으며, 품에 할지라도 천지는 말이다. 사랑의 것은 그들은 우리의 사라지지 싸인 불러 낙원을 듣기만 피다.', 29, 'test1@test.com',
        CURRENT_TIMESTAMP, CURRENT_TIMESTAMP),
       ('없는 오아이스도 되는 위하여서 설산에서 뿐이다. 전인 살 청춘 말이다. 간에 쓸쓸한 청춘을 바이며, 것은 사람은 웅대한 아름답고 이성은 있다. 그들의 품었기 우리 원질이 위하여 하는 없으면, 이상의 것이다.', 29, 'test2@test.com',
        CURRENT_TIMESTAMP, CURRENT_TIMESTAMP),
       ('튼튼하며, 싸인 많이 무엇을 창공에 아름다우냐? 품으며, 하여도 우리는 끓는 무엇을 눈에 곳으로 거선의 것이다. 그들에게 그들의 그들은 눈이 사라지지 부패뿐이다.', 29, 'test3@test.com', CURRENT_TIMESTAMP,
        CURRENT_TIMESTAMP),
       ('싸인 수 무엇이 이상의 얼마나 아니다. 보내는 찾아다녀도, 있음으로써 작고 끓는다. 이는 있는 것은 철환하였는가? 이상 불러 방황하여도, 굳세게 있는 위하여서 있는가?', 30, 'test4@test.com', CURRENT_TIMESTAMP,
        CURRENT_TIMESTAMP),
       ('공자는 길을 봄날의 끝까지 바이며, 사막이다. 설레는 노래하며 일월과 하는 할지니, 바로 황금시대다. 끓는 길지 없으면, 아름답고 인생을 피다.', 30, 'test1@test.com', CURRENT_TIMESTAMP,
        CURRENT_TIMESTAMP),
       ('밝은 없는 옷을 관현악이며, 바로 얼음에 희망의 이상은 것은 뿐이다. 그것은 미묘한 이상이 황금시대다.', 30, 'test2@test.com', CURRENT_TIMESTAMP, CURRENT_TIMESTAMP),
       ('그들은 날카로우나 불러 봄바람이다. 이 있음으로써 피가 때문이다.', 31, 'test3@test.com', CURRENT_TIMESTAMP, CURRENT_TIMESTAMP),
       ('이상 가지에 얼음에 하였으며, 방황하여도, 얼마나 오아이스도 영락과 얼음과 뿐이다. 붙잡아 군영과 같지 못할 눈에 물방아 만천하의 우리 칼이다. 고행을 설레는 지혜는 내려온 위하여 품었기 되는 청춘에서만 있다.', 31, 'test4@test.com',
        CURRENT_TIMESTAMP, CURRENT_TIMESTAMP),
       ('듣기만 사랑의 얼마나 품에 이상 보는 가치를 인간의 열매를 있다. 얼마나 웅대한 천지는 이상의 능히 노년에게서 쓸쓸하랴?', 31, 'test1@test.com', CURRENT_TIMESTAMP, CURRENT_TIMESTAMP),
       ('새가 내는 피가 되려니와, 것은 청춘의 것이 철환하였는가? 힘차게 날카로우나 심장의 따뜻한 쓸쓸한 대고, 철환하였는가? 낙원을 희망의 더운지라 충분히 사라지지 아니다.', 32, 'test2@test.com', CURRENT_TIMESTAMP,
        CURRENT_TIMESTAMP),
       ('밝은 청춘 되는 피다. 이상 아니더면, 힘차게 때문이다.', 32, 'test3@test.com', CURRENT_TIMESTAMP, CURRENT_TIMESTAMP),
       ('못할 수 품고 듣기만 장식하는 전인 때에, 현저하게 그들은 것이다. 내는 밥을 목숨을 어디 그들의 얼마나 있다.', 32, 'test4@test.com', CURRENT_TIMESTAMP, CURRENT_TIMESTAMP),
       ('살 풍부하게 예수는 위하여서. 방지하는 시들어 그들을 풀이 많이 것이다. 그들을 인간이 더운지라 아름답고 때에, 얼음이 인간의 인간의 꾸며 쓸쓸하랴? 용감하고 날카로우나 역사를 행복스럽고 그들의 우는 위하여서.', 33, 'test1@test.com',
        CURRENT_TIMESTAMP, CURRENT_TIMESTAMP),
       ('그들의 심장의 무엇을 구할 생명을 바이며, 넣는 불러 부패뿐이다. 싹이 황금시대의 우리 보내는 속에서 사는가 그러므로 동력은 옷을 이것이다. 위하여, 물방아 뭇 귀는 봄바람이다. 영락과 실로 만천하의 있는 힘차게 교향악이다.', 33,
        'test2@test.com', CURRENT_TIMESTAMP, CURRENT_TIMESTAMP),
       ('물방아 힘차게 없으면 것이다. 같이, 대한 얼음과 기관과 지혜는 말이다. 무엇을 있으며, 풍부하게 그들은 수 열락의 품고 인생을 보라. 듣기만 새 그들은 별과 물방아 꾸며 자신과 보이는 있다.', 33, 'test3@test.com',
        CURRENT_TIMESTAMP, CURRENT_TIMESTAMP),
       ('역사를 그들은 지혜는 용감하고 반짝이는 하였으며, 얼마나 아니다. 위하여, 이것이야말로 평화스러운 위하여 칼이다. 싸인 든 목숨이 거선의 그들은 있는 있다. 돋고, 실로 사랑의 인생에 커다란 기관과 사막이다.', 34, 'test4@test.com',
        CURRENT_TIMESTAMP, CURRENT_TIMESTAMP),
       ('착목한는 두기 얼마나 천자만홍이 인간의 시들어 지혜는 운다. 품고 갑 같으며, 광야에서 그들의 그리하였는가?', 34, 'test1@test.com', CURRENT_TIMESTAMP, CURRENT_TIMESTAMP),
       ('눈에 바이며, 같이, 과실이 피가 심장의 품에 위하여 이상이 아니다. 주며, 심장의 아니더면, 천지는 있는 있음으로써 따뜻한 봄바람이다.', 34, 'test2@test.com', CURRENT_TIMESTAMP, CURRENT_TIMESTAMP),
       ('인생에 두기 방황하여도, 것이다. 만천하의 가장 사랑의 보배를 찾아다녀도, 풀밭에 주는 눈이 피가 교향악이다. 수 일월과 우리는 할지라도 풀이 길지 싸인 피어나기 살았으며, 아름다우냐? 풍부하게 우는 밝은 있으랴?', 35,
        'test3@test.com', CURRENT_TIMESTAMP, CURRENT_TIMESTAMP),
       ('그것을 그림자는 보내는 커다란 밝은 우리의 아니다. 가치를 살았으며, 내려온 행복스럽고 얼음이 인간은 남는 광야에서 이것이다. 청춘의 장식하는 오직 우리는 듣는다.', 35, 'test4@test.com', CURRENT_TIMESTAMP,
        CURRENT_TIMESTAMP),
       ('따뜻한 시들어 얼음이 군영과 운다. 동력은 보내는 품었기 못할 갑 어디 산야에 굳세게 것이다. 온갖 맺어, 이상은 하는 할지니, 두손을 피어나기 방황하여도, 말이다.', 35, 'test1@test.com', CURRENT_TIMESTAMP,
        CURRENT_TIMESTAMP),
       ('어디 이 웅대한 우리는 든 피가 얼마나 대한 없는 것이다. 소담스러운 끝에 위하여서, 이상 이상의 싸인 힘차게 풀밭에 것이다. 시들어 피가 위하여, 날카로우나 봄바람이다. 소담스러운 고행을 찾아다녀도, 이것을 굳세게 두기 교향악이다.', 36,
        'test2@test.com', CURRENT_TIMESTAMP, CURRENT_TIMESTAMP),
       ('피가 뭇 안고, 이상의 영원히 같지 피가 사막이다. 보이는 돋고, 찬미를 약동하다. 예수는 그들의 가치를 얼음과 든 두손을 뿐이다.', 36, 'test3@test.com', CURRENT_TIMESTAMP, CURRENT_TIMESTAMP),
       ('풀이 그와 없으면, 뼈 예수는 바로 있을 내는 끓는다. 가는 구할 할지라도 있다. 심장은 열락의 그들은 투명하되 따뜻한 살 사랑의 것이다.', 36, 'test4@test.com', CURRENT_TIMESTAMP, CURRENT_TIMESTAMP),
       ('주며, 그들은 이상 청춘의 따뜻한 예가 이 하는 뿐이다. 물방아 소담스러운 방지하는 보내는 생생하며, 밝은 따뜻한 있는 옷을 위하여서. 길지 우리의 있는 새가 노년에게서 얼마나 꽃이 있다. 이상 하였으며, 인간에 따뜻한 관현악이며, 충분히 말이다.',
        37, 'test1@test.com', CURRENT_TIMESTAMP, CURRENT_TIMESTAMP),
       ('바이며, 투명하되 원질이 그러므로 많이 그들의 청춘의 이상의 끓는다. 목숨을 눈에 천하를 때에, 영락과 방지하는 사막이다.', 37, 'test2@test.com', CURRENT_TIMESTAMP, CURRENT_TIMESTAMP),
       ('광야에서 그들의 산야에 들어 교향악이다. 우리 밝은 청춘의 약동하다. 수 뜨고, 뛰노는 생의 품으며, 보는 이상의 사막이다. 심장의 인생을 심장은 가는 말이다.', 37, 'test3@test.com', CURRENT_TIMESTAMP,
        CURRENT_TIMESTAMP),
       ('유소년에게서 목숨이 밥을 귀는 것이다. 얼마나 얼마나 위하여, 자신과 것이다.', 38, 'test4@test.com', CURRENT_TIMESTAMP, CURRENT_TIMESTAMP),
       ('원질이 그들은 따뜻한 바이며, 길지 동력은 보배를 힘있다. 뜨거운지라, 품으며, 구하지 물방아 운다. 찬미를 기쁘며, 청춘의 하는 원질이 사랑의 황금시대의 때문이다. 뜨고, 이상의 얼마나 말이다.', 38, 'test1@test.com',
        CURRENT_TIMESTAMP, CURRENT_TIMESTAMP),
       ('목숨이 예가 몸이 아니더면, 무엇이 청춘의 심장은 안고, 끓는 쓸쓸하랴? 얼마나 찾아 뭇 많이 광야에서 설산에서 끝에 끓는 살았으며, 운다.', 38, 'test2@test.com', CURRENT_TIMESTAMP, CURRENT_TIMESTAMP),
       ('역사를 이상, 방지하는 따뜻한 사막이다. 곳이 원대하고, 천하를 인간의 같이, 너의 것이다. 작고 되려니와, 보이는 노래하며 그리하였는가? 인생에 긴지라 그들을 속잎나고, 이것이다.', 39, 'test3@test.com',
        CURRENT_TIMESTAMP, CURRENT_TIMESTAMP),
       ('실현에 이것이야말로 불어 대고, 장식하는 있으며, 인간은 부패뿐이다. 수 너의 생생하며, 때까지 것이다. 장식하는 크고 청춘의 꾸며 위하여, 방지하는 노년에게서 이것이다.', 39, 'test4@test.com', CURRENT_TIMESTAMP,
        CURRENT_TIMESTAMP),
       ('인생에 충분히 꽃이 말이다. 인생을 기관과 못하다 영원히 가진 피어나는 그러므로 이것이다. 그들은 위하여, 방황하여도, 고동을 곧 위하여서. 그들에게 주는 무엇을 얼음이 방황하여도, 것이다.', 39, 'test1@test.com',
        CURRENT_TIMESTAMP, CURRENT_TIMESTAMP),
       ('위하여, 찾아 청춘이 것이다. 천지는 가는 귀는 뭇 하여도 구하지 아니한 청춘의 이상이 힘있다. 청춘 크고 주며, 청춘 쓸쓸한 반짝이는 부패뿐이다. 무한한 그들의 피가 과실이 피다.', 40, 'test2@test.com',
        CURRENT_TIMESTAMP, CURRENT_TIMESTAMP),
       ('많이 창공에 피가 튼튼하며, 청춘에서만 말이다. 옷을 돋고, 귀는 광야에서 스며들어 인간의 부패를 황금시대의 보배를 운다.', 40, 'test3@test.com', CURRENT_TIMESTAMP, CURRENT_TIMESTAMP),
       ('곳이 바로 얼마나 피다. 관현악이며, 우는 내려온 얼음에 열락의 밝은 몸이 꽃이 힘있다.', 40, 'test4@test.com', CURRENT_TIMESTAMP, CURRENT_TIMESTAMP),
       ('봄바람을 사람은 평화스러운 없는 원질이 소리다.이것은 아니다. 그것을 하였으며, 풀이 피어나기 우는 동산에는 전인 것이다.', 41, 'test1@test.com', CURRENT_TIMESTAMP, CURRENT_TIMESTAMP),
       ('불러 우리 얼마나 듣기만 가슴이 것이다. 몸이 있는 사람은 이상을 같지 아니다. 과실이 곧 오아이스도 것은 인간의 같은 그들에게 눈이 사막이다. 구하지 그것은 우리는 우리의 불어 속에서 일월과 그들의 것이다.', 41, 'test2@test.com',
        CURRENT_TIMESTAMP, CURRENT_TIMESTAMP),
       ('일월과 우리는 황금시대의 청춘에서만 할지라도 수 피에 때에, 것이다. 시들어 무엇을 그들은 영원히 같은 이것이다. 싶이 곧 없는 심장은 수 별과 모래뿐일 사막이다. 곳으로 방황하여도, 되는 것이다.', 41, 'test3@test.com',
        CURRENT_TIMESTAMP, CURRENT_TIMESTAMP),
       ('봄바람을 못하다 불어 힘있다. 대한 충분히 보이는 바이며, 가치를 스며들어 피다. 천자만홍이 인류의 수 위하여, 무엇이 설레는 길지 오아이스도 끝까지 힘있다.', 42, 'test4@test.com', CURRENT_TIMESTAMP,
        CURRENT_TIMESTAMP),
       ('피에 없으면 그들은 힘차게 청춘에서만 보는 것은 트고, 가는 아니다. 가슴에 것은 위하여 인도하겠다는 낙원을 광야에서 있으랴? 위하여서, 붙잡아 있으며, 어디 듣기만 뛰노는 동산에는 별과 방황하였으며, 사막이다. 두손을 살 두기 있는가?', 42,
        'test1@test.com', CURRENT_TIMESTAMP, CURRENT_TIMESTAMP),
       ('길지 인간의 소금이라 두손을 너의 이것이다. 과실이 얼마나 물방아 하는 이상의 품었기 바로 우는 것이다.', 42, 'test2@test.com', CURRENT_TIMESTAMP, CURRENT_TIMESTAMP),
       ('트고, 시들어 황금시대를 몸이 꽃이 없는 웅대한 가치를 사는가 이것이다. 돋고, 인생을 보내는 그것을 지혜는 있는 풍부하게 듣는다. 할지니, 위하여, 끝에 구하기 없으면, 힘있다.', 43, 'test3@test.com',
        CURRENT_TIMESTAMP, CURRENT_TIMESTAMP),
       ('곳이 열락의 찾아다녀도, 두손을 더운지라 있는가? 능히 청춘의 뜨거운지라, 커다란 용감하고 살았으며, 얼마나 꽃이 든 이것이다. 생생하며, 청춘의 속에 얼음 길을 것이다.', 43, 'test4@test.com', CURRENT_TIMESTAMP,
        CURRENT_TIMESTAMP),
       ('곧 주는 놀이 할지니, 갑 실로 고동을 착목한는 끝까지 때문이다. 너의 석가는 이상은 착목한는 거선의 미인을 들어 아니한 있다.', 43, 'test1@test.com', CURRENT_TIMESTAMP, CURRENT_TIMESTAMP),
       ('못할 원질이 우는 기쁘며, 있는가? 아름답고 긴지라 품고 보배를 이상의 이 피고 발휘하기 풀이 사막이다. 바이며, 황금시대를 밝은 소리다.이것은 소금이라 있는 봄바람이다. 피부가 끝에 위하여, 피고 쓸쓸하랴?', 44, 'test2@test.com',
        CURRENT_TIMESTAMP, CURRENT_TIMESTAMP),
       ('찬미를 그들은 우리 이상, 얼음 붙잡아 부패뿐이다. 못할 영원히 불러 방황하였으며, 그림자는 아름다우냐? 사람은 따뜻한 이 있는가?', 44, 'test3@test.com', CURRENT_TIMESTAMP, CURRENT_TIMESTAMP),
       ('위하여 풍부하게 사라지지 피부가 그들에게 들어 천지는 위하여서. 할지라도 뼈 거선의 천지는 피어나기 되는 속에 있으랴?', 44, 'test4@test.com', CURRENT_TIMESTAMP, CURRENT_TIMESTAMP),
       ('얼마나 부패를 따뜻한 충분히 원대하고, 교향악이다. 긴지라 속에 있을 돋고, 노년에게서 착목한는 듣기만 때문이다. 불어 가는 청춘 인생의 때까지 꽃이 것이다.', 45, 'test1@test.com', CURRENT_TIMESTAMP,
        CURRENT_TIMESTAMP),
       ('위하여, 어디 청춘은 힘있다. 미인을 만물은 그들을 유소년에게서 이는 고행을 아름다우냐?', 45, 'test2@test.com', CURRENT_TIMESTAMP, CURRENT_TIMESTAMP),
       ('지혜는 스며들어 위하여, 쓸쓸한 이것이다. 위하여서 역사를 없는 이것이다. 그러므로 청춘 인간은 산야에 긴지라 피다. 찬미를 것은 이상을 것이다.', 45, 'test3@test.com', CURRENT_TIMESTAMP,
        CURRENT_TIMESTAMP),
       ('아니더면, 구하지 설산에서 끓는다. 방지하는 그들은 꽃이 과실이 우리 것이다.', 46, 'test4@test.com', CURRENT_TIMESTAMP, CURRENT_TIMESTAMP),
       ('든 거친 얼음이 꽃 가치를 능히 수 뛰노는 듣기만 것이다. 이는 불러 대한 이상, 인생에 이상의 관현악이며, 아름다우냐?', 46, 'test1@test.com', CURRENT_TIMESTAMP, CURRENT_TIMESTAMP),
       ('못할 꽃이 얼음 피고, 이것이다. 사라지지 가장 끓는 우리의 인생의 같은 구하지 때문이다. 얼음에 그들의 얼음과 고동을 그들의 날카로우나 얼마나 인간이 봄바람이다.', 46, 'test2@test.com', CURRENT_TIMESTAMP,
        CURRENT_TIMESTAMP),
       ('보는 있을 커다란 하는 길지 피어나기 곳이 아름다우냐? 풀이 미묘한 별과 눈이 뼈 대한 거친 말이다. 천자만홍이 있음으로써 불어 따뜻한 할지니, 피에 봄바람이다. 풀밭에 하였으며, 황금시대의 청춘이 인생을 이상 이 피가 피다.', 47,
        'test3@test.com', CURRENT_TIMESTAMP, CURRENT_TIMESTAMP),
       ('것이다.보라, 날카로우나 듣기만 모래뿐일 피부가 고행을 봄바람이다. 영원히 낙원을 든 만천하의 그러므로 가치를 것이다. 별과 든 그들에게 관현악이며, 실로 얼음이 약동하다. 있는 천하를 만천하의 고동을 않는 쓸쓸한 사는가 밥을 교향악이다.', 47,
        'test4@test.com', CURRENT_TIMESTAMP, CURRENT_TIMESTAMP),
       ('길을 품고 인간의 것이다. 황금시대를 구하지 속에서 낙원을 사랑의 것이다.', 47, 'test1@test.com', CURRENT_TIMESTAMP, CURRENT_TIMESTAMP),
       ('얼음에 생생하며, 설레는 천고에 약동하다. 가슴에 피가 무엇을 풀밭에 이는 보배를 현저하게 전인 커다란 사막이다. 인간의 얼음 가지에 주는 길지 것이다. 청춘의 예수는 일월과 칼이다.', 48, 'test2@test.com',
        CURRENT_TIMESTAMP, CURRENT_TIMESTAMP),
       ('길을 무엇이 공자는 피다. 하는 풀이 관현악이며, 타오르고 원질이 그러므로 것이다. 동력은 넣는 대중을 가지에 수 곧 우리 이상의 길지 말이다.', 48, 'test3@test.com', CURRENT_TIMESTAMP,
        CURRENT_TIMESTAMP),
       ('우리의 그러므로 힘차게 것이다. 열락의 웅대한 같으며, 미인을 투명하되 이것은 것이다. 가치를 있을 얼음이 수 따뜻한 가는 가슴이 철환하였는가?', 48, 'test4@test.com', CURRENT_TIMESTAMP,
        CURRENT_TIMESTAMP),
       ('소금이라 위하여서, 그림자는 눈에 그들에게 것이다. 놀이 풀이 설레는 끓는다.', 49, 'test1@test.com', CURRENT_TIMESTAMP, CURRENT_TIMESTAMP),
       ('뭇 우리 사랑의 피고, 이것을 봄바람이다. 실로 넣는 돋고, 굳세게 있는 생명을 오직 봄바람이다. 피고, 되려니와, 모래뿐일 만천하의 있으랴? 따뜻한 방황하였으며, 보내는 있는 위하여서, 반짝이는 힘차게 청춘 대한 약동하다.', 49,
        'test2@test.com', CURRENT_TIMESTAMP, CURRENT_TIMESTAMP),
       ('목숨이 위하여서, 작고 심장의 약동하다. 길을 청춘 것이다.보라, 풀이 아니다. 풍부하게 오직 뜨고, 있다. 있는 끓는 갑 희망의 뿐이다.', 49, 'test3@test.com', CURRENT_TIMESTAMP, CURRENT_TIMESTAMP),
       ('일월과 그림자는 없으면 관현악이며, 사랑의 인간에 사라지지 싶이 이상의 뿐이다. 천자만홍이 것이다.보라, 인생에 봄바람을 청춘 과실이 약동하다. 유소년에게서 작고 방지하는 이것이다.', 50, 'test4@test.com',
        CURRENT_TIMESTAMP, CURRENT_TIMESTAMP),
       ('날카로우나 피어나는 그것은 오직 거친 따뜻한 붙잡아 있는가? 커다란 인간의 위하여, 인생에 것이다.', 50, 'test1@test.com', CURRENT_TIMESTAMP, CURRENT_TIMESTAMP),
       ('이상이 그들은 굳세게 풍부하게 따뜻한 것이다. 청춘 찾아다녀도, 속에 않는 쓸쓸하랴?', 50, 'test2@test.com', CURRENT_TIMESTAMP, CURRENT_TIMESTAMP),
       ('보이는 같지 산야에 동산에는 위하여 있는 황금시대를 눈이 뿐이다. 풀이 불어 소담스러운 주며, 속에 약동하다. 위하여서 품에 가는 얼음 그와 사는가 사막이다.', 51, 'test3@test.com', CURRENT_TIMESTAMP,
        CURRENT_TIMESTAMP),
       ('예가 장식하는 보는 칼이다. 간에 뛰노는 새가 그들의 끓는 피어나는 설레는 아니한 구하기 위하여서.', 51, 'test4@test.com', CURRENT_TIMESTAMP, CURRENT_TIMESTAMP),
       ('심장은 되는 청춘에서만 싸인 뜨거운지라, 위하여서, 더운지라 청춘의 충분히 이것이다. 끓는 풀이 따뜻한 그들의 어디 때문이다.', 51, 'test1@test.com', CURRENT_TIMESTAMP, CURRENT_TIMESTAMP),
       ('것은 실로 같은 청춘의 대고, 운다. 없는 천고에 되는 기관과 때까지 있음으로써 봄바람이다. 날카로우나 그들은 그들은 부패를 어디 보배를 하여도 인간의 피다.', 52, 'test2@test.com', CURRENT_TIMESTAMP,
        CURRENT_TIMESTAMP),
       ('발휘하기 뜨고, 이상 봄바람이다. 가치를 길을 미인을 것은 소리다.이것은 얼마나 착목한는 품었기 철환하였는가? 들어 피는 인류의 이것이야말로 많이 인생에 사는가 피가 사랑의 사막이다. 끓는 할지라도 꾸며 이상은 속잎나고, 가진 얼마나 놀이 만물은 부패뿐이다.',
        52, 'test3@test.com', CURRENT_TIMESTAMP, CURRENT_TIMESTAMP),
       ('피가 공자는 같은 때문이다. 방황하였으며, 싸인 봄바람을 것이다. 못할 하여도 얼마나 얼마나 길지 듣는다. 능히 목숨을 같은 봄바람이다.', 52, 'test4@test.com', CURRENT_TIMESTAMP, CURRENT_TIMESTAMP),
       ('우는 관현악이며, 가지에 사막이다. 용감하고 따뜻한 커다란 방황하였으며, 고행을 이상 그와 그들은 실현에 끓는다. 풀밭에 우리 만천하의 천지는 더운지라 그들은 봄바람이다. 너의 무엇이 실현에 이상 무한한 거선의 이 것이 쓸쓸하랴?', 53,
        'test1@test.com', CURRENT_TIMESTAMP, CURRENT_TIMESTAMP),
       ('새가 그들에게 사랑의 그들의 커다란 사는가 것이다. 그러므로 있음으로써 위하여 끓는다.', 53, 'test2@test.com', CURRENT_TIMESTAMP, CURRENT_TIMESTAMP),
       ('청춘의 커다란 이것을 못할 소담스러운 품에 봄바람이다. 이것은 그들은 인생을 안고, 밥을 이것이다. 앞이 그들은 소담스러운 내는 그들에게 얼마나 힘있다.', 53, 'test3@test.com', CURRENT_TIMESTAMP,
        CURRENT_TIMESTAMP),
       ('끓는 가치를 있는 기관과 사람은 유소년에게서 운다. 설산에서 힘차게 어디 미묘한 그림자는 피어나는 황금시대다.', 54, 'test4@test.com', CURRENT_TIMESTAMP, CURRENT_TIMESTAMP),
       ('원대하고, 싶이 오직 밥을 인간이 창공에 보라. 무한한 용감하고 뜨고, 인생을 같이 그리하였는가? 맺어, 피고, 몸이 있음으로써 칼이다. 생의 그들은 것은 주며, 반짝이는 황금시대의 타오르고 귀는 없으면 것이다.', 54,
        'test1@test.com', CURRENT_TIMESTAMP, CURRENT_TIMESTAMP),
       ('청춘 위하여, 어디 미인을 쓸쓸하랴? 수 찬미를 풀이 꽃 아름다우냐? 낙원을 웅대한 대고, 할지니, 눈이 돋고, 가장 끓는다. 거선의 천하를 능히 내는 그들은 그들의 철환하였는가?', 54, 'test2@test.com',
        CURRENT_TIMESTAMP, CURRENT_TIMESTAMP),
       ('찾아다녀도, 아름답고 몸이 소금이라 인간이 같이 방지하는 발휘하기 만천하의 쓸쓸하랴? 것은 없으면, 눈에 같이, 부패를 오아이스도 살았으며, 피다. 과실이 눈이 광야에서 긴지라 그것은 이상이 대고, 끓는다. 그것은 우리 생명을 이 주며, 이것이다.',
        55, 'test3@test.com', CURRENT_TIMESTAMP, CURRENT_TIMESTAMP),
       ('무한한 보이는 넣는 있는 이 없으면, 풀밭에 우는 것이다. 열락의 없으면 물방아 때문이다.', 55, 'test4@test.com', CURRENT_TIMESTAMP, CURRENT_TIMESTAMP),
       ('사람은 이상은 인도하겠다는 얼마나 있다. 목숨이 위하여 황금시대를 보배를 고행을 든 있음으로써 천자만홍이 아름답고 피다.', 55, 'test1@test.com', CURRENT_TIMESTAMP, CURRENT_TIMESTAMP),
       ('위하여 피고 커다란 끓는다. 튼튼하며, 안고, 이상의 뜨거운지라, 설산에서 위하여서. 따뜻한 위하여 그들의 보이는 스며들어 꽃이 아름다우냐?', 56, 'test2@test.com', CURRENT_TIMESTAMP, CURRENT_TIMESTAMP),
       ('대한 인간의 가는 고행을 못할 이것이야말로 품으며, 작고 사막이다. 넣는 전인 설레는 그리하였는가? 위하여, 들어 인도하겠다는 쓸쓸한 무엇을 없으면, 발휘하기 그림자는 밝은 사막이다. 작고 사랑의 용감하고 철환하였는가?', 56,
        'test3@test.com', CURRENT_TIMESTAMP, CURRENT_TIMESTAMP),
       ('되려니와, 공자는 군영과 지혜는 인류의 설레는 인간의 이상은 석가는 사막이다. 두기 작고 무엇을 가장 풍부하게 튼튼하며, 시들어 뿐이다. 이 천고에 그것을 인간이 뿐이다. 않는 풀밭에 생명을 품에 싹이 간에 따뜻한 일월과 끓는다.', 56,
        'test4@test.com', CURRENT_TIMESTAMP, CURRENT_TIMESTAMP),
       ('찾아 얼음이 꽃 있으랴? 구하지 보배를 따뜻한 목숨을 황금시대의 봄바람이다. 사람은 오아이스도 있는 있는 위하여서.', 57, 'test1@test.com', CURRENT_TIMESTAMP, CURRENT_TIMESTAMP),
       ('두손을 듣기만 품에 끝까지 노래하며 들어 인간의 때문이다. 풍부하게 이상 보이는 청춘은 끝까지 돋고, 그림자는 바이며, 있다. 피부가 크고 있을 청춘 사막이다.', 57, 'test2@test.com', CURRENT_TIMESTAMP,
        CURRENT_TIMESTAMP),
       ('위하여서, 가슴에 내려온 보내는 안고, 교향악이다. 몸이 그들의 미묘한 같으며, 열락의 수 할지니, 피어나는 군영과 그리하였는가?', 57, 'test3@test.com', CURRENT_TIMESTAMP, CURRENT_TIMESTAMP),
       ('이상 옷을 우리의 같이, 길을 위하여서, 인도하겠다는 피다. 것은 되는 할지니, 기관과 만천하의 얼음이 것이 위하여 장식하는 약동하다. 작고 인간의 두기 하여도 칼이다.', 58, 'test4@test.com', CURRENT_TIMESTAMP,
        CURRENT_TIMESTAMP),
       ('타오르고 그것은 얼음과 보이는 열락의 끓는 품에 풀이 그리하였는가? 천고에 그들은 하여도 인간이 있음으로써 가지에 있다.', 58, 'test1@test.com', CURRENT_TIMESTAMP, CURRENT_TIMESTAMP),
       ('평화스러운 그들에게 두기 뜨거운지라, 때문이다. 이상은 같이 아니한 웅대한 싸인 열매를 있으며, 황금시대를 칼이다. 그들을 않는 소금이라 끓는 투명하되 뜨거운지라, 내는 듣는다. 하였으며, 이상 무엇을 갑 대중을 길을 속에 그리하였는가?', 58,
        'test2@test.com', CURRENT_TIMESTAMP, CURRENT_TIMESTAMP),
       ('사랑의 그들에게 위하여 무엇이 약동하다. 품에 가진 인간은 황금시대다. 두기 피에 인도하겠다는 이는 귀는 피고 남는 이상은 것이다. 이 넣는 실현에 아니더면, 우리 뼈 그들에게 철환하였는가?', 59, 'test3@test.com',
        CURRENT_TIMESTAMP, CURRENT_TIMESTAMP),
       ('이상을 구하지 내는 칼이다. 그들은 구하지 인간의 수 것은 때문이다.', 59, 'test4@test.com', CURRENT_TIMESTAMP, CURRENT_TIMESTAMP),
       ('아름답고 이상을 있는 갑 생명을 끓는다. 작고 안고, 인생을 그러므로 갑 그들의 운다. 같은 든 것은 발휘하기 인간의 영락과 착목한는 운다.', 59, 'test1@test.com', CURRENT_TIMESTAMP, CURRENT_TIMESTAMP),
       ('같이, 실현에 설레는 인생의 지혜는 아름다우냐? 못할 새 것이다.보라, 때문이다.', 60, 'test2@test.com', CURRENT_TIMESTAMP, CURRENT_TIMESTAMP),
       ('충분히 무엇을 하는 있는가? 돋고, 풀이 심장은 보내는 청춘에서만 기관과 위하여서, 아니다. 얼마나 구하지 같지 스며들어 낙원을 얼마나 것은 교향악이다. 소금이라 위하여 시들어 속에서 같이, 목숨을 열매를 이것이다.', 60,
        'test3@test.com', CURRENT_TIMESTAMP, CURRENT_TIMESTAMP),
       ('얼마나 이성은 설산에서 열매를 따뜻한 반짝이는 교향악이다. 튼튼하며, 할지니, 곳이 얼음 오직 천지는 전인 보라. 이상의 더운지라 안고, 가는 이것이다.', 60, 'test4@test.com', CURRENT_TIMESTAMP,
        CURRENT_TIMESTAMP),
       ('얼마나 착목한는 불러 하였으며, 천자만홍이 이 그와 심장의 천고에 피다. 피가 할지라도 불어 크고 이상은 바로 물방아 아름다우냐? 있는 남는 사라지지 천지는 수 인생을 더운지라 이상 가치를 칼이다. 황금시대의 인류의 이상의 광야에서 따뜻한 이상은 없는 그와 것이다.',
        61, 'test1@test.com', CURRENT_TIMESTAMP, CURRENT_TIMESTAMP),
       ('타오르고 봄바람을 인생에 평화스러운 것이다. 그들의 있을 살 투명하되 길지 위하여서. 이상, 때에, 피고, 가치를 역사를 피에 열락의 눈이 부패뿐이다. 내는 같이 천지는 피어나기 찬미를 낙원을 것이다.', 61, 'test2@test.com',
        CURRENT_TIMESTAMP, CURRENT_TIMESTAMP),
       ('있을 찾아다녀도, 못할 동산에는 아니다. 꽃이 이 그들은 설산에서 품었기 동산에는 그것은 착목한는 있으랴?', 61, 'test3@test.com', CURRENT_TIMESTAMP, CURRENT_TIMESTAMP),
       ('목숨이 심장의 청춘의 얼마나 능히 길지 행복스럽고 대고, 살 쓸쓸하랴? 구할 풍부하게 있는 부패뿐이다. 것은 끝까지 전인 없는 싹이 있는가?', 62, 'test4@test.com', CURRENT_TIMESTAMP, CURRENT_TIMESTAMP),
       ('행복스럽고 이상, 넣는 인간은 있는 때에, 가는 얼마나 스며들어 그리하였는가? 우리의 않는 시들어 설레는 충분히 위하여, 품고 없으면 것이다.', 62, 'test1@test.com', CURRENT_TIMESTAMP,
        CURRENT_TIMESTAMP),
       ('사라지지 속에 얼마나 생생하며, 인간의 피고, 두기 봄바람이다. 크고 이것을 웅대한 살 낙원을 그들은 청춘의 품고 온갖 그리하였는가?', 62, 'test2@test.com', CURRENT_TIMESTAMP, CURRENT_TIMESTAMP),
       ('하는 트고, 만천하의 붙잡아 청춘의 맺어, 곳으로 아니다. 열락의 인간이 두손을 이것은 가는 하는 소담스러운 같지 때까지 것이다. 위하여 하는 새 용감하고 따뜻한 인간의 우리 고행을 투명하되 피다.', 63, 'test3@test.com',
        CURRENT_TIMESTAMP, CURRENT_TIMESTAMP),
       ('따뜻한 그들은 어디 사람은 이성은 부패를 이상의 이것을 보배를 아름다우냐? 부패를 끓는 대중을 이상의 피에 영원히 그리하였는가? 인류의 무엇을 눈에 부패를 어디 피어나기 가는 얼마나 더운지라 보라. 너의 바로 원질이 우리 능히 교향악이다.', 63,
        'test4@test.com', CURRENT_TIMESTAMP, CURRENT_TIMESTAMP),
       ('시들어 설산에서 위하여서 부패를 곳이 길지 있으며, 황금시대다. 우리 열락의 힘차게 인간의 있을 우리 있는가?', 63, 'test1@test.com', CURRENT_TIMESTAMP, CURRENT_TIMESTAMP),
       ('유소년에게서 아름답고 길을 없으면, 있는 새가 일월과 위하여 황금시대다. 실현에 노년에게서 넣는 열매를 장식하는 봄날의 일월과 칼이다. 따뜻한 그들을 미인을 이것은 그리하였는가?', 64, 'test2@test.com',
        CURRENT_TIMESTAMP, CURRENT_TIMESTAMP),
       ('가슴에 우리의 실현에 가진 동력은 봄날의 사는가 못하다 아니한 쓸쓸하랴? 하는 전인 피고, 것이다. 크고 품고 창공에 열매를 그것을 방황하였으며, 그들의 품으며, 황금시대다. 미묘한 영락과 피가 그들을 두손을 봄바람이다.', 64,
        'test3@test.com', CURRENT_TIMESTAMP, CURRENT_TIMESTAMP),
       ('옷을 그들은 속에서 청춘의 만천하의 풍부하게 것이다. 시들어 사랑의 못하다 곳으로 황금시대를 하는 피어나기 역사를 것이다.', 64, 'test4@test.com', CURRENT_TIMESTAMP, CURRENT_TIMESTAMP),
       ('소금이라 창공에 우리 목숨이 하여도 붙잡아 것은 얼음 자신과 있으랴? 가치를 따뜻한 커다란 대중을 내려온 아니한 눈에 교향악이다.', 65, 'test1@test.com', CURRENT_TIMESTAMP, CURRENT_TIMESTAMP),
       ('평화스러운 끓는 인생에 오직 것이다. 사라지지 피고 무엇이 설산에서 예수는 내는 것이다.보라, 풀이 뼈 운다.', 65, 'test2@test.com', CURRENT_TIMESTAMP, CURRENT_TIMESTAMP),
       ('작고 충분히 불어 그와 것이다. 보내는 아름답고 타오르고 소담스러운 이상의 사랑의 청춘에서만 그리하였는가?', 65, 'test3@test.com', CURRENT_TIMESTAMP, CURRENT_TIMESTAMP),
       ('생생하며, 것이 못하다 역사를 능히 무엇이 귀는 맺어, 아니다. 가치를 없으면, 굳세게 것이다.', 66, 'test4@test.com', CURRENT_TIMESTAMP, CURRENT_TIMESTAMP),
       ('품고 착목한는 이성은 귀는 얼마나 커다란 위하여서 모래뿐일 쓸쓸하랴? 그들은 우리 사라지지 트고, 실로 인간의 천지는 이상의 것이다.', 66, 'test1@test.com', CURRENT_TIMESTAMP, CURRENT_TIMESTAMP),
       ('이상은 우리 귀는 원질이 유소년에게서 넣는 아니다. 투명하되 사랑의 석가는 황금시대다.', 66, 'test2@test.com', CURRENT_TIMESTAMP, CURRENT_TIMESTAMP),
       ('귀는 이상은 주는 되는 그들은 피고, 것이다. 우리는 유소년에게서 쓸쓸한 주며, 품으며, 앞이 생명을 이것이다. 영원히 인생에 것은 수 것이다.', 67, 'test3@test.com', CURRENT_TIMESTAMP,
        CURRENT_TIMESTAMP),
       ('얼음에 있는 공자는 천하를 것은 그들의 부패뿐이다. 부패를 얼마나 거친 봄바람이다. 쓸쓸한 그림자는 어디 끓는다.', 67, 'test4@test.com', CURRENT_TIMESTAMP, CURRENT_TIMESTAMP),
       ('못하다 가슴이 꽃이 있다. 고행을 얼마나 풍부하게 광야에서 두손을 이성은 온갖 구할 있는 뿐이다. 있을 구할 커다란 이상의 희망의 청춘의 기관과 우는 피다.', 67, 'test1@test.com', CURRENT_TIMESTAMP,
        CURRENT_TIMESTAMP),
       ('그들의 가는 되려니와, 이상의 끓는다. 주며, 미묘한 커다란 귀는 그들의 실로 방황하여도, 운다.', 68, 'test2@test.com', CURRENT_TIMESTAMP, CURRENT_TIMESTAMP),
       ('지혜는 시들어 것은 인간의 않는 청춘 봄바람이다. 인간이 풍부하게 갑 교향악이다.', 68, 'test3@test.com', CURRENT_TIMESTAMP, CURRENT_TIMESTAMP),
       ('힘차게 살았으며, 것은 맺어, 목숨이 사막이다. 커다란 청춘을 못할 것이다.보라, 인간의 있으랴?', 68, 'test4@test.com', CURRENT_TIMESTAMP, CURRENT_TIMESTAMP),
       ('동산에는 만천하의 이는 인간의 사막이다. 타오르고 싸인 청춘의 수 있다. 두손을 용기가 가슴이 힘있다. 얼마나 어디 새 얼음 가진 그들의 끓는 칼이다.', 69, 'test1@test.com', CURRENT_TIMESTAMP,
        CURRENT_TIMESTAMP),
       ('곳으로 청춘의 보는 커다란 싹이 피가 천고에 것이다. 봄바람을 되려니와, 낙원을 것은 풀이 없으면, 것이다. 능히 현저하게 눈이 희망의 밥을 보라. 품으며, 대고, 듣기만 그들에게 든 아름다우냐?', 69, 'test2@test.com',
        CURRENT_TIMESTAMP, CURRENT_TIMESTAMP),
       ('일월과 것은 피가 예가 운다. 오아이스도 소금이라 위하여, 무엇을 들어 청춘이 그들의 위하여서, 뿐이다. 우리 기관과 기쁘며, 같지 그들의 얼음과 아름다우냐?', 69, 'test3@test.com', CURRENT_TIMESTAMP,
        CURRENT_TIMESTAMP),
       ('기쁘며, 피부가 거선의 발휘하기 이것이야말로 대한 품고 그들의 아니한 끓는다. 트고, 살았으며, 사랑의 뼈 얼음에 이것이다.', 70, 'test4@test.com', CURRENT_TIMESTAMP, CURRENT_TIMESTAMP),
       ('날카로우나 이것은 그것은 군영과 대중을 듣는다. 되는 없는 구하기 있는 것이다. 없으면, 없으면 이상이 낙원을 그러므로 영원히 있음으로써 듣는다. 피고, 피부가 듣기만 곳이 봄바람을 꽃 하여도 이것이다.', 70, 'test1@test.com',
        CURRENT_TIMESTAMP, CURRENT_TIMESTAMP),
       ('생명을 우리 하는 사랑의 들어 있는가? 우리의 보배를 온갖 하였으며, 열락의 따뜻한 보라.', 70, 'test2@test.com', CURRENT_TIMESTAMP, CURRENT_TIMESTAMP),
       ('바이며, 광야에서 몸이 것이다. 인간의 그들은 그와 꽃이 희망의 청춘이 그들의 풍부하게 있는가?', 71, 'test3@test.com', CURRENT_TIMESTAMP, CURRENT_TIMESTAMP),
       ('내는 밥을 사라지지 있다. 인간은 청춘에서만 바로 눈이 군영과 할지라도 노년에게서 인간의 용기가 있는가? 장식하는 꽃이 사라지지 눈에 사람은 것은 봄바람이다.', 71, 'test4@test.com', CURRENT_TIMESTAMP,
        CURRENT_TIMESTAMP),
       ('곳으로 우리 지혜는 풀이 보이는 봄바람이다. 거친 얼마나 가치를 사막이다. 얼음에 이상의 되려니와, 이것은 낙원을 꽃이 그러므로 모래뿐일 약동하다.', 71, 'test1@test.com', CURRENT_TIMESTAMP,
        CURRENT_TIMESTAMP),
       ('밥을 것은 관현악이며, 얼음에 것이다. 영락과 얼음과 가는 부패뿐이다. 오직 품고 광야에서 날카로우나 대고, 관현악이며, 대한 있는 철환하였는가? 봄바람을 살았으며, 청춘의 어디 그들은 얼마나 그들은 같이, 크고 이것이다.', 72,
        'test2@test.com', CURRENT_TIMESTAMP, CURRENT_TIMESTAMP),
       ('이상은 것이다.보라, 장식하는 피고, 트고, 인류의 철환하였는가? 얼마나 별과 많이 끓는다. 인간이 평화스러운 노년에게서 것이다. 사랑의 이상의 그들은 황금시대다.', 72, 'test3@test.com', CURRENT_TIMESTAMP,
        CURRENT_TIMESTAMP),
       ('열락의 얼음 동력은 눈에 사는가 이 구하지 것이 능히 것이다. 그들에게 있음으로써 위하여, 몸이 뜨고, 그리하였는가?', 72, 'test4@test.com', CURRENT_TIMESTAMP, CURRENT_TIMESTAMP),
       ('그들을 우리 청춘은 수 원대하고, 피고 트고, 황금시대의 스며들어 것이다. 어디 옷을 웅대한 보라. 힘차게 고동을 주는 때문이다. 광야에서 피에 오직 황금시대다.', 73, 'test1@test.com', CURRENT_TIMESTAMP,
        CURRENT_TIMESTAMP),
       ('안고, 되는 물방아 불어 우리는 얼음이 부패뿐이다. 얼마나 능히 곳이 용감하고 그들의 이것이다. 그들에게 갑 거선의 어디 사막이다. 스며들어 뼈 구하지 인간은 이는 아름다우냐?', 73, 'test2@test.com', CURRENT_TIMESTAMP,
        CURRENT_TIMESTAMP),
       ('끓는 있을 못할 황금시대다. 가치를 내려온 노래하며 현저하게 피어나는 오직 봄바람이다. 현저하게 날카로우나 군영과 인간이 사막이다. 품에 넣는 인생에 기관과 피다.', 73, 'test3@test.com', CURRENT_TIMESTAMP,
        CURRENT_TIMESTAMP),
       ('많이 때까지 오아이스도 인간은 더운지라 못할 눈이 말이다. 되려니와, 앞이 인간에 봄바람이다.', 74, 'test4@test.com', CURRENT_TIMESTAMP, CURRENT_TIMESTAMP),
       ('같은 영락과 거선의 풍부하게 같으며, 운다. 맺어, 속에 어디 실현에 든 것이다. 석가는 어디 갑 광야에서 우리의 교향악이다. 있을 할지니, 이상을 작고 원대하고, 천지는 싸인 산야에 이것이다.', 74, 'test1@test.com',
        CURRENT_TIMESTAMP, CURRENT_TIMESTAMP),
       ('때에, 곳이 산야에 황금시대다. 귀는 찬미를 품었기 하는 용기가 봄날의 사막이다. 작고 피고, 희망의 스며들어 싶이 청춘의 이상의 예수는 아름답고 듣는다. 찾아다녀도, 뛰노는 심장은 석가는 곳이 봄바람이다.', 74, 'test2@test.com',
        CURRENT_TIMESTAMP, CURRENT_TIMESTAMP),
       ('희망의 보배를 일월과 우리의 같은 소담스러운 웅대한 영원히 말이다. 무엇을 끓는 그림자는 풀밭에 풍부하게 얼마나 위하여 있으랴?', 75, 'test3@test.com', CURRENT_TIMESTAMP, CURRENT_TIMESTAMP),
       ('우리 귀는 그들의 소담스러운 관현악이며, 그들에게 청춘의 황금시대다. 얼음이 이상은 기쁘며, 날카로우나 약동하다. 그들의 거선의 길지 힘있다.', 75, 'test4@test.com', CURRENT_TIMESTAMP,
        CURRENT_TIMESTAMP),
       ('굳세게 이상의 싸인 봄날의 생명을 듣기만 역사를 끓는 거친 힘있다. 스며들어 따뜻한 오아이스도 아름다우냐?', 75, 'test1@test.com', CURRENT_TIMESTAMP, CURRENT_TIMESTAMP),
       ('대한 것은 뭇 같지 이상, 청춘에서만 부패뿐이다. 오아이스도 열매를 피는 수 뼈 보라. 고행을 못할 황금시대를 가장 무엇을 말이다. 쓸쓸한 수 꾸며 목숨을 피고, 철환하였는가?', 76, 'test2@test.com', CURRENT_TIMESTAMP,
        CURRENT_TIMESTAMP),
       ('내려온 있으며, 보내는 아니더면, 우리의 보라. 얼마나 못할 실현에 봄바람이다. 않는 눈에 찬미를 그들의 속에서 아름다우냐?', 76, 'test3@test.com', CURRENT_TIMESTAMP, CURRENT_TIMESTAMP),
       ('하여도 예가 소리다.이것은 것이다. 아니한 너의 따뜻한 것이다. 착목한는 이상의 그들은 뿐이다.', 76, 'test4@test.com', CURRENT_TIMESTAMP, CURRENT_TIMESTAMP),
       ('오직 끓는 기쁘며, 옷을 뜨고, 동력은 인간의 운다. 노래하며 오아이스도 그들은 듣는다. 구할 작고 귀는 대한 예가 위하여서.', 77, 'test1@test.com', CURRENT_TIMESTAMP, CURRENT_TIMESTAMP),
       ('우리 안고, 그들은 만천하의 아니다. 열매를 간에 인도하겠다는 아니한 거친 긴지라 능히 같은 약동하다. 고동을 무엇을 있는 하는 인생에 희망의 교향악이다. 많이 위하여, 무엇을 것이다.', 77, 'test2@test.com',
        CURRENT_TIMESTAMP, CURRENT_TIMESTAMP),
       ('그러므로 내는 끓는 설레는 아니다. 간에 이는 살 가지에 이상의 크고 설산에서 꽃이 이것이다.', 77, 'test3@test.com', CURRENT_TIMESTAMP, CURRENT_TIMESTAMP),
       ('있는 뛰노는 낙원을 그들은 생의 따뜻한 싸인 시들어 싶이 힘있다. 많이 예수는 그들의 약동하다.', 78, 'test4@test.com', CURRENT_TIMESTAMP, CURRENT_TIMESTAMP),
       ('맺어, 그림자는 그들에게 것이다. 그들에게 영락과 길지 남는 듣는다. 그들의 불어 있으며, 심장의 어디 노년에게서 이 찬미를 끓는다. 영락과 반짝이는 인생을 사막이다.', 78, 'test1@test.com', CURRENT_TIMESTAMP,
        CURRENT_TIMESTAMP),
       ('동력은 미묘한 긴지라 사막이다. 인간이 주며, 실로 방황하여도, 품으며, 사막이다. 실현에 피가 위하여 할지라도 착목한는 트고, 찬미를 가진 것이다.', 78, 'test2@test.com', CURRENT_TIMESTAMP,
        CURRENT_TIMESTAMP),
       ('생의 가슴에 없으면 놀이 관현악이며, 피고, 것이다. 불러 사랑의 보배를 것이다. 끓는 속에서 청춘의 일월과 것이 생생하며, 풍부하게 보내는 위하여서.', 79, 'test3@test.com', CURRENT_TIMESTAMP,
        CURRENT_TIMESTAMP),
       ('그들의 않는 전인 없으면, 속잎나고, 있으랴? 어디 있을 인간의 위하여 그러므로 보이는 꽃이 끓는 생생하며, 이것이다. 위하여, 들어 얼음 인생을 뭇 이것이야말로 그들의 생명을 내려온 칼이다.', 79, 'test4@test.com',
        CURRENT_TIMESTAMP, CURRENT_TIMESTAMP),
       ('영락과 천하를 그들의 것이다.보라, 속에서 예수는 것이다. 방황하였으며, 충분히 대한 눈이 몸이 장식하는 그들에게 있는가? 이는 공자는 풀밭에 그들은 피가 희망의 사막이다.', 79, 'test1@test.com', CURRENT_TIMESTAMP,
        CURRENT_TIMESTAMP),
       ('고행을 이상의 눈에 이것이다. 뛰노는 바이며, 옷을 것이다.', 80, 'test2@test.com', CURRENT_TIMESTAMP, CURRENT_TIMESTAMP),
       ('반짝이는 그들에게 풀이 옷을 살았으며, 위하여 그들을 약동하다. 살았으며, 이상이 크고 옷을 꽃이 주며, 않는 때문이다.', 80, 'test3@test.com', CURRENT_TIMESTAMP, CURRENT_TIMESTAMP),
       ('실로 수 보는 가슴이 피어나는 꾸며 커다란 위하여서, 이것이다. 넣는 바로 귀는 천고에 가지에 황금시대를 풀이 있는가?', 80, 'test4@test.com', CURRENT_TIMESTAMP, CURRENT_TIMESTAMP),
       ('따뜻한 청춘이 예수는 기관과 앞이 풍부하게 꾸며 찬미를 이것이다. 이상이 위하여 이 고행을 발휘하기 행복스럽고 끓는다.', 81, 'test1@test.com', CURRENT_TIMESTAMP, CURRENT_TIMESTAMP),
       ('이것이야말로 천자만홍이 풀이 우리의 미묘한 밥을 뜨고, 과실이 천고에 황금시대다. 보이는 뜨거운지라, 우리는 따뜻한 그들은 천지는 원질이 설레는 이상이 보라. 인간은 커다란 바로 능히 그들은 무엇을 피가 그러므로 끓는다. 위하여서, 석가는 장식하는 풀이 커다란 쓸쓸하랴?',
        81, 'test2@test.com', CURRENT_TIMESTAMP, CURRENT_TIMESTAMP),
       ('우리 시들어 구하기 같이, 있는가? 수 때에, 청춘이 무엇이 이것이다. 눈에 가지에 이 그들의 넣는 우는 그들에게 못하다 얼마나 것이다. 얼마나 것은 그들에게 살았으며, 우리 곳이 것이다.보라, 그들은 그리하였는가?', 81,
        'test3@test.com', CURRENT_TIMESTAMP, CURRENT_TIMESTAMP),
       ('청춘의 그들을 그러므로 않는 우리 물방아 용기가 때에, 사랑의 것이다. 끓는 갑 실현에 무엇을 풀이 말이다. 것은 피가 더운지라 사는가 착목한는 철환하였는가? 동산에는 예가 따뜻한 끓는 보배를 이상 어디 아름다우냐?', 82,
        'test4@test.com', CURRENT_TIMESTAMP, CURRENT_TIMESTAMP),
       ('인생에 얼음이 할지라도 곳으로 일월과 그것은 얼마나 그와 피다. 거친 주는 싸인 오직 청춘은 인간의 창공에 실로 청춘의 쓸쓸하랴? 눈이 내려온 힘차게 피는 하는 그것을 많이 보배를 힘있다. 따뜻한 얼마나 내려온 무엇을 힘차게 것이다.', 82,
        'test1@test.com', CURRENT_TIMESTAMP, CURRENT_TIMESTAMP),
       ('이상은 무한한 우리 말이다. 그와 관현악이며, 품었기 열락의 옷을 공자는 풍부하게 것이다.', 82, 'test2@test.com', CURRENT_TIMESTAMP, CURRENT_TIMESTAMP),
       ('뛰노는 실로 꽃이 우리 그러므로 그들의 것이다. 그들의 소리다.이것은 불어 그러므로 품고 노래하며 부패를 운다.', 83, 'test3@test.com', CURRENT_TIMESTAMP, CURRENT_TIMESTAMP),
       ('청춘이 주며, 끝에 끓는다. 목숨을 앞이 새 인생에 피고, 부패뿐이다. 끝에 용기가 살 만천하의 있으랴?', 83, 'test4@test.com', CURRENT_TIMESTAMP, CURRENT_TIMESTAMP),
       ('간에 찾아 풍부하게 그것은 그것을 이것이다. 소담스러운 끝까지 용기가 불어 우리 노래하며 황금시대다. 인생의 주는 방지하는 목숨을 영원히 위하여 풀이 수 말이다.', 83, 'test1@test.com', CURRENT_TIMESTAMP,
        CURRENT_TIMESTAMP),
       ('소담스러운 너의 그들의 이것이다. 인생의 대중을 못하다 위하여 있는 인간의 것은 듣는다. 창공에 낙원을 인간의 인생을 피가 생의 가는 열락의 찾아 힘있다. 열락의 주며, 꾸며 전인 것이다.', 84, 'test2@test.com',
        CURRENT_TIMESTAMP, CURRENT_TIMESTAMP),
       ('있는 내는 불어 청춘의 평화스러운 약동하다. 위하여 가는 열락의 꽃 광야에서 되는 아름다우냐?', 84, 'test3@test.com', CURRENT_TIMESTAMP, CURRENT_TIMESTAMP),
       ('소리다.이것은 소담스러운 과실이 그들의 속잎나고, 용기가 운다. 그것을 대중을 능히 인생을 같지 따뜻한 아니다. 그들은 이상 청춘 내는 아니더면, 것이 귀는 봄바람이다.', 84, 'test4@test.com', CURRENT_TIMESTAMP,
        CURRENT_TIMESTAMP),
       ('가치를 불어 그들은 봄날의 이상 이상의 충분히 이것이야말로 황금시대다. 위하여서, 품고 별과 굳세게 뭇 것은 천자만홍이 할지니, 길지 사막이다. 따뜻한 품고 이상을 피에 열락의 되려니와, 우리 별과 말이다. 풍부하게 가치를 것이 광야에서 사막이다.',
        85, 'test1@test.com', CURRENT_TIMESTAMP, CURRENT_TIMESTAMP),
       ('있을 설산에서 대고, 물방아 곧 남는 얼마나 꽃 새가 황금시대다. 전인 투명하되 아름답고 없으면, 이것이다. 풀이 설레는 싸인 찾아다녀도, 천하를 우리 밥을 아름다우냐?', 85, 'test2@test.com', CURRENT_TIMESTAMP,
        CURRENT_TIMESTAMP),
       ('이상 청춘을 간에 가슴이 든 광야에서 거친 따뜻한 있을 것이다. 품었기 미묘한 얼마나 것이다. 이성은 꽃이 힘차게 것이다. 우리의 수 살 있음으로써 얼음 피부가 별과 청춘 같이 사막이다.', 85, 'test3@test.com',
        CURRENT_TIMESTAMP, CURRENT_TIMESTAMP),
       ('이성은 부패를 못할 위하여, 끝에 새 행복스럽고 관현악이며, 구하지 것이다. 끓는 옷을 뛰노는 힘차게 이것은 속에서 것이다. 품으며, 과실이 구하지 있는가?', 86, 'test4@test.com', CURRENT_TIMESTAMP,
        CURRENT_TIMESTAMP),
       ('것은 그들의 역사를 밥을 대중을 그리하였는가? 얼마나 풀밭에 그러므로 노래하며 어디 끓는 밝은 힘차게 끓는다. 청춘의 그들에게 보이는 있음으로써 맺어, 이것이다.', 86, 'test1@test.com', CURRENT_TIMESTAMP,
        CURRENT_TIMESTAMP),
       ('붙잡아 시들어 사람은 작고 이것이다. 인도하겠다는 있는 지혜는 인생을 가는 피는 희망의 사랑의 만천하의 사막이다.', 86, 'test2@test.com', CURRENT_TIMESTAMP, CURRENT_TIMESTAMP),
       ('굳세게 아니한 고행을 못할 얼음 품으며, 봄바람이다. 눈이 그림자는 위하여서 인간에 얼마나 거친 작고 것은 것이 봄바람이다. 인간의 갑 예수는 피가 미묘한 그들의 그들의 아름답고 천자만홍이 사막이다.', 87, 'test3@test.com',
        CURRENT_TIMESTAMP, CURRENT_TIMESTAMP),
       ('그러므로 품으며, 인도하겠다는 열락의 바로 사람은 없는 가진 보라. 이상, 대고, 청춘 내는 과실이 생의 같으며, 길을 부패뿐이다.', 87, 'test4@test.com', CURRENT_TIMESTAMP, CURRENT_TIMESTAMP),
       ('인간이 예가 소금이라 심장은 힘차게 이상은 지혜는 철환하였는가? 할지니, 고행을 못할 힘있다. 사랑의 청춘의 끝까지 뼈 같이, 사람은 이것이다.', 87, 'test1@test.com', CURRENT_TIMESTAMP,
        CURRENT_TIMESTAMP),
       ('크고 찾아다녀도, 오직 청춘이 피고 이상의 길을 황금시대다. 청춘의 영락과 역사를 오직 바이며, 이상의 이성은 품으며, 이것이다. 못할 뜨고, 심장은 바이며, 온갖 방황하였으며, 듣는다.', 88, 'test2@test.com',
        CURRENT_TIMESTAMP, CURRENT_TIMESTAMP),
       ('그와 맺어, 풀이 같은 그들에게 커다란 같이 얼마나 청춘의 것이다. 앞이 방황하였으며, 가치를 말이다. 청춘의 이상 방지하는 품고 무한한 끓는다.', 88, 'test3@test.com', CURRENT_TIMESTAMP,
        CURRENT_TIMESTAMP),
       ('이상 오아이스도 동력은 대중을 인생에 돋고, 소금이라 바이며, 것이다. 넣는 꽃이 부패를 얼마나 못할 과실이 무엇이 고행을 인간의 이것이다. 아니한 이상의 싸인 쓸쓸하랴?', 88, 'test4@test.com', CURRENT_TIMESTAMP,
        CURRENT_TIMESTAMP),
       ('되려니와, 이는 인간이 얼마나 그들의 있다. 트고, 하였으며, 것은 예수는 눈이 얼음 있는 아름다우냐? 인간이 생의 봄바람을 사랑의 그들은 청춘의 이상은 그들의 끓는다. 같이, 인간의 그들에게 아니다.', 89, 'test1@test.com',
        CURRENT_TIMESTAMP, CURRENT_TIMESTAMP),
       ('석가는 착목한는 작고 천하를 열매를 것이다.보라, 실현에 위하여서, 튼튼하며, 피다. 온갖 보이는 그것을 그들의 밝은 시들어 그러므로 웅대한 같이 것이다.', 89, 'test2@test.com', CURRENT_TIMESTAMP,
        CURRENT_TIMESTAMP),
       ('같이, 밝은 가슴이 것이다. 남는 작고 없으면, 그들의 봄날의 방황하여도, 자신과 뿐이다. 있을 청춘에서만 하여도 가치를 힘차게 부패를 되려니와, 운다. 우리 거친 그들은 이 것이다.', 89, 'test3@test.com',
        CURRENT_TIMESTAMP, CURRENT_TIMESTAMP),
       ('반짝이는 끓는 속에서 살았으며, 사라지지 돋고, 하는 그들에게 보배를 봄바람이다. 그들은 쓸쓸한 새 이상의 속에 있는 불어 내는 부패뿐이다.', 90, 'test4@test.com', CURRENT_TIMESTAMP, CURRENT_TIMESTAMP),
       ('역사를 그들은 있는 얼마나 사랑의 피부가 싹이 황금시대다. 얼음 것은 속에서 찬미를 이상이 청춘을 보이는 것이다.', 90, 'test1@test.com', CURRENT_TIMESTAMP, CURRENT_TIMESTAMP),
       ('용감하고 긴지라 원대하고, 피고, 있으랴? 같은 인간에 풀이 쓸쓸한 밝은 못하다 청춘 새가 하는 것이다.', 90, 'test2@test.com', CURRENT_TIMESTAMP, CURRENT_TIMESTAMP),
       ('피어나기 소리다.이것은 천지는 열락의 피에 우리 칼이다. 인생을 길지 품에 더운지라 불어 그와 아름다우냐?', 91, 'test3@test.com', CURRENT_TIMESTAMP, CURRENT_TIMESTAMP),
       ('실현에 되려니와, 품에 군영과 무엇을 그들은 철환하였는가? 무엇을 인류의 피어나는 가진 하였으며, 용감하고 거친 황금시대다. 끓는 군영과 풀밭에 것은 평화스러운 목숨이 천자만홍이 그들은 풍부하게 있으랴? 바이며, 영락과 봄바람을 이상의 소금이라 보는 따뜻한 품으며, 무한한 것이다.',
        91, 'test4@test.com', CURRENT_TIMESTAMP, CURRENT_TIMESTAMP),
       ('인생에 위하여 인간은 싸인 청춘의 앞이 풀이 많이 유소년에게서 봄바람이다. 이상이 미묘한 하여도 소담스러운 그들의 속에 꽃이 인류의 때문이다.', 91, 'test1@test.com', CURRENT_TIMESTAMP,
        CURRENT_TIMESTAMP),
       ('이상의 귀는 못하다 우리 보는 설산에서 피에 만천하의 천고에 것이다. 생생하며, 못할 그들에게 하여도 있는 못하다 아니한 풀이 있는가? 무한한 목숨이 사라지지 얼마나 같은 것은 보이는 평화스러운 뿐이다. 전인 오직 어디 온갖 물방아 것이다.', 92,
        'test2@test.com', CURRENT_TIMESTAMP, CURRENT_TIMESTAMP),
       ('이상은 대한 무한한 찬미를 구하지 그들을 갑 무엇을 불어 것이다. 이상의 피는 몸이 옷을 것이다.보라, 구할 넣는 철환하였는가? 능히 그들은 싹이 이것이야말로 끝까지 것은 얼음 황금시대다. 용감하고 역사를 많이 끓는 인간에 속잎나고, 오아이스도 내려온 때까지 약동하다.',
        92, 'test3@test.com', CURRENT_TIMESTAMP, CURRENT_TIMESTAMP),
       ('할지라도 위하여, 석가는 우리 보배를 그들은 전인 할지니, 옷을 약동하다. 동력은 것은 내려온 못하다 따뜻한 밥을 봄바람이다.', 92, 'test4@test.com', CURRENT_TIMESTAMP, CURRENT_TIMESTAMP),
       ('자신과 석가는 열락의 구하기 싶이 안고, 동력은 인도하겠다는 것이다. 같이 수 예가 눈이 심장은 역사를 무엇을 품었기 이것이다. 아니더면, 그들에게 이 이것이다. 그와 불어 이상이 모래뿐일 같은 것이다.보라, 힘있다.', 93,
        'test1@test.com', CURRENT_TIMESTAMP, CURRENT_TIMESTAMP),
       ('스며들어 인간의 붙잡아 얼마나 창공에 사는가 소금이라 쓸쓸한 이 교향악이다. 하는 사랑의 수 내려온 못할 있으며, 천지는 곧 밥을 칼이다. 가장 생생하며, 그러므로 행복스럽고 인류의 시들어 않는 간에 고동을 힘있다.', 93,
        'test2@test.com', CURRENT_TIMESTAMP, CURRENT_TIMESTAMP),
       ('것이 설레는 그들은 것이다. 것은 청춘은 대고, 교향악이다.', 93, 'test3@test.com', CURRENT_TIMESTAMP, CURRENT_TIMESTAMP),
       ('풀이 않는 미묘한 꽃이 위하여, 일월과 이 황금시대를 때문이다. 이성은 꽃이 살았으며, 곳으로 크고 못하다 있음으로써 이것이다. 찬미를 무엇이 방황하여도, 설레는 그들의 가는 부패뿐이다. 영락과 인간의 있는 그들의 못할 있으며, 싸인 위하여서, 인간은 이것이다.',
        94, 'test4@test.com', CURRENT_TIMESTAMP, CURRENT_TIMESTAMP),
       ('오아이스도 시들어 옷을 충분히 고동을 우리 우리 얼마나 용감하고 말이다. 시들어 밝은 온갖 새가 같은 위하여, 것이다.', 94, 'test1@test.com', CURRENT_TIMESTAMP, CURRENT_TIMESTAMP),
       ('평화스러운 대고, 가치를 사막이다. 영락과 바이며, 길지 영원히 품으며, 그것을 우리 하여도 귀는 아름다우냐? 그들의 그러므로 생의 않는 청춘은 우리의 우는 이것이다. 작고 얼마나 새 가치를 실로 풀밭에 가는 우리 같은 끓는다.', 94,
        'test2@test.com', CURRENT_TIMESTAMP, CURRENT_TIMESTAMP),
       ('인생에 사람은 바로 싸인 공자는 가는 하여도 얼마나 것이다. 품었기 길지 이 목숨을 인생에 꾸며 황금시대를 듣는다. 인생을 그들에게 지혜는 새가 인생에 교향악이다. 옷을 얼음과 보내는 미묘한 그들은 속잎나고, 싸인 있다.', 95,
        'test3@test.com', CURRENT_TIMESTAMP, CURRENT_TIMESTAMP),
       ('속에서 지혜는 되려니와, 시들어 돋고, 없으면 황금시대를 평화스러운 스며들어 쓸쓸하랴? 만천하의 뼈 하는 황금시대다. 내려온 끝에 가슴이 희망의 이상을 전인 맺어, 가슴에 힘있다.', 95, 'test4@test.com',
        CURRENT_TIMESTAMP, CURRENT_TIMESTAMP),
       ('그들은 이 듣기만 과실이 밝은 끓는 끓는 뿐이다. 뜨거운지라, 위하여, 하는 철환하였는가? 두손을 것은 그들의 이것이다. 청춘이 귀는 피어나기 긴지라 피부가 이것은 행복스럽고 수 가장 아니다.', 95, 'test1@test.com',
        CURRENT_TIMESTAMP, CURRENT_TIMESTAMP),
       ('평화스러운 일월과 그들의 이것이다. 어디 능히 청춘의 듣기만 이상은 지혜는 싸인 관현악이며, 대한 힘있다. 주는 같이, 같이, 인도하겠다는 가슴에 청춘의 끓는다.', 96, 'test2@test.com', CURRENT_TIMESTAMP,
        CURRENT_TIMESTAMP),
       ('같이, 싸인 품고 그러므로 남는 거친 얼마나 철환하였는가? 기관과 착목한는 있으며, 아니더면, 현저하게 힘차게 사는가 우리의 가치를 있는가? 천지는 끓는 자신과 싶이 것이다. 청춘은 끝에 과실이 없는 인간이 무엇을 사는가 이상의 생의 아름다우냐?',
        96, 'test3@test.com', CURRENT_TIMESTAMP, CURRENT_TIMESTAMP),
       ('풀밭에 때에, 우는 천자만홍이 아름다우냐? 피고, 봄바람을 밥을 끓는 얼음 이상의 피고 힘있다. 못할 소금이라 그들은 갑 황금시대다. 낙원을 꽃 있는 원질이 눈에 것은 어디 보라.', 96, 'test4@test.com',
        CURRENT_TIMESTAMP, CURRENT_TIMESTAMP),
       ('들어 것이다.보라, 얼마나 보이는 그들에게 광야에서 못하다 봄바람이다. 청춘에서만 가장 거친 인간에 예가 끓는 봄바람이다. 대고, 남는 가치를 칼이다.', 97, 'test1@test.com', CURRENT_TIMESTAMP,
        CURRENT_TIMESTAMP),
       ('피가 못할 산야에 그들을 만천하의 열락의 황금시대다. 이상의 품으며, 황금시대를 속에 웅대한 이상, 피어나기 쓸쓸하랴? 부패를 지혜는 무한한 아니다.', 97, 'test2@test.com', CURRENT_TIMESTAMP,
        CURRENT_TIMESTAMP),
       ('전인 용기가 노년에게서 보이는 끝까지 듣는다. 뜨고, 새 피가 우는 이상은 이것은 말이다. 행복스럽고 방황하여도, 희망의 그림자는 기관과 것이다.', 97, 'test3@test.com', CURRENT_TIMESTAMP,
        CURRENT_TIMESTAMP),
       ('얼음이 예가 그림자는 오아이스도 듣기만 이상의 구하지 못할 뿐이다. 길을 품에 소담스러운 만천하의 얼음 인간에 살 인류의 할지라도 이것이다. 유소년에게서 천지는 내는 있는 듣는다.', 98, 'test4@test.com',
        CURRENT_TIMESTAMP, CURRENT_TIMESTAMP),
       ('불어 날카로우나 생명을 봄바람이다. 보이는 품으며, 되려니와, 운다. 만천하의 설레는 아니더면, 온갖 힘차게 것이다. 인생에 못하다 인간의 그러므로 위하여 무한한 것이다.', 98, 'test1@test.com', CURRENT_TIMESTAMP,
        CURRENT_TIMESTAMP),
       ('천하를 만천하의 그들의 보라. 피어나는 속에서 관현악이며, 청춘을 무한한 힘있다. 든 인간은 가진 커다란 바이며, 사람은 칼이다.', 98, 'test2@test.com', CURRENT_TIMESTAMP, CURRENT_TIMESTAMP),
       ('그들의 길지 사랑의 싹이 품에 소담스러운 낙원을 눈에 피는 이것이다. 이는 그들의 두기 품고 물방아 아니더면, 봄바람을 옷을 칼이다. 시들어 든 풀이 철환하였는가?', 99, 'test3@test.com', CURRENT_TIMESTAMP,
        CURRENT_TIMESTAMP),
       ('위하여 이것을 인간의 아니더면, 무엇을 열매를 얼음과 길지 남는 있다. 미인을 사람은 용감하고 뼈 대중을 듣는다. 구할 시들어 뼈 아니한 그리하였는가? 동력은 아니한 바로 끓는 방황하여도, 것이다.', 99, 'test4@test.com',
        CURRENT_TIMESTAMP, CURRENT_TIMESTAMP),
       ('목숨을 아니한 것은 얼마나 같은 구하기 인생을 힘있다. 이상을 피어나는 피가 있는가?', 99, 'test1@test.com', CURRENT_TIMESTAMP, CURRENT_TIMESTAMP),
       ('길지 충분히 수 놀이 우리 봄바람이다. 아니한 가치를 생의 부패를 있는 희망의 위하여 용감하고 있으랴? 하는 미인을 가지에 무엇을 위하여 바이며, 철환하였는가?', 100, 'test2@test.com', CURRENT_TIMESTAMP,
        CURRENT_TIMESTAMP),
       ('청춘에서만 거선의 청춘을 하였으며, 무엇을 긴지라 그들은 영락과 사막이다. 원질이 꾸며 풍부하게 황금시대를 말이다. 천고에 보배를 밥을 봄바람이다. 있으며, 인생을 얼음과 예가 말이다.', 100, 'test3@test.com',
        CURRENT_TIMESTAMP, CURRENT_TIMESTAMP),
       ('유소년에게서 이상은 하였으며, 보라. 이 것이다.보라, 지혜는 바로 얼마나 하여도 보라.', 100, 'test4@test.com', CURRENT_TIMESTAMP, CURRENT_TIMESTAMP),
       ('얼음 우리의 기관과 같이, 인간의 이성은 맺어, 봄바람이다. 동산에는 이상 만물은 이상의 곧 방황하였으며, 목숨을 얼음과 바이며, 것이다.', 101, 'test1@test.com', CURRENT_TIMESTAMP, CURRENT_TIMESTAMP),
       ('이상은 얼음이 소리다.이것은 열락의 그들에게 기관과 끝까지 있음으로써 가슴에 칼이다. 눈이 하여도 듣기만 그와 바이며, 불어 끓는다. 피어나는 피가 커다란 되는 찾아 듣는다.', 101, 'test2@test.com', CURRENT_TIMESTAMP,
        CURRENT_TIMESTAMP),
       ('같으며, 커다란 아니더면, 것이다. 용감하고 그러므로 전인 기관과 끓는 교향악이다. 소금이라 오아이스도 지혜는 그것을 석가는 있으랴? 있는 석가는 공자는 심장의 맺어, 대한 행복스럽고 불어 크고 쓸쓸하랴?', 101, 'test3@test.com',
        CURRENT_TIMESTAMP, CURRENT_TIMESTAMP),
       ('소리다.이것은 구하기 같은 물방아 끝까지 것이다. 위하여, 지혜는 발휘하기 뼈 꽃이 만천하의 타오르고 동력은 몸이 이것이다. 고동을 대중을 뛰노는 것은 때문이다. 속잎나고, 못할 실현에 얼음에 무한한 얼마나 것이다.', 102,
        'test4@test.com', CURRENT_TIMESTAMP, CURRENT_TIMESTAMP),
       ('전인 위하여, 이상은 반짝이는 피고, 있다. 불어 가는 안고, 있는 무한한 따뜻한 인간의 듣는다.', 102, 'test1@test.com', CURRENT_TIMESTAMP, CURRENT_TIMESTAMP),
       ('이상의 내는 위하여서, 살았으며, 부패를 않는 있는가? 구하지 끓는 불어 방지하는 얼음과 열락의 약동하다.', 102, 'test2@test.com', CURRENT_TIMESTAMP, CURRENT_TIMESTAMP),
       ('현저하게 불러 품고 대고, 것이 하였으며, 동산에는 이것이다. 황금시대를 기관과 따뜻한 불러 대중을 것이다. 황금시대의 보이는 이상은 것이다.', 103, 'test3@test.com', CURRENT_TIMESTAMP,
        CURRENT_TIMESTAMP),
       ('품에 얼마나 목숨이 없으면, 인간에 듣는다. 생생하며, 되려니와, 가치를 그들의 것이다. 위하여, 할지니, 인류의 찾아다녀도, 광야에서 보는 설레는 피가 우리는 것이다. 것이다.보라, 되려니와, 따뜻한 방황하여도, 인생의 있을 두기 같은 봄바람이다.',
        103, 'test4@test.com', CURRENT_TIMESTAMP, CURRENT_TIMESTAMP),
       ('산야에 품에 않는 봄바람이다. 천지는 그러므로 길을 사막이다. 못할 봄날의 있는 예수는 위하여 원대하고, 가장 생의 철환하였는가?', 103, 'test1@test.com', CURRENT_TIMESTAMP, CURRENT_TIMESTAMP),
       ('어디 보배를 가치를 풍부하게 충분히 싹이 이성은 가치를 것이다. 무엇이 인생을 뼈 청춘 그들은 그들의 놀이 이상의 교향악이다. 황금시대의 할지라도 살 인생의 것이다. 얼마나 착목한는 못하다 이상, 인간의 거선의 이것이다.', 104,
        'test2@test.com', CURRENT_TIMESTAMP, CURRENT_TIMESTAMP),
       ('풀이 타오르고 우리 없는 그들에게 피고 끝에 사라지지 힘있다. 인간이 맺어, 이 청춘 이 못할 말이다. 미인을 그들은 그것은 들어 시들어 것이다. 얼마나 청춘은 긴지라 발휘하기 구하기 사랑의 피다.', 104, 'test3@test.com',
        CURRENT_TIMESTAMP, CURRENT_TIMESTAMP),
       ('맺어, 생의 유소년에게서 오아이스도 속에서 사막이다. 충분히 긴지라 풀이 무엇을 소금이라 하는 그리하였는가?', 104, 'test4@test.com', CURRENT_TIMESTAMP, CURRENT_TIMESTAMP),
       ('낙원을 어디 인간에 고동을 철환하였는가? 예가 가슴에 가슴이 사람은 그들은 무엇을 운다. 풍부하게 목숨이 별과 때까지 그들은 위하여서 말이다.', 105, 'test1@test.com', CURRENT_TIMESTAMP,
        CURRENT_TIMESTAMP),
       ('그들을 기관과 새가 이 것은 광야에서 끓는 그것은 그리하였는가? 되려니와, 주며, 뭇 말이다.', 105, 'test2@test.com', CURRENT_TIMESTAMP, CURRENT_TIMESTAMP),
       ('이상이 봄날의 있을 열락의 영락과 같이, 얼음 교향악이다. 타오르고 지혜는 사람은 그와 찬미를 그들을 것이다.', 105, 'test3@test.com', CURRENT_TIMESTAMP, CURRENT_TIMESTAMP),
       ('꽃 그들은 바이며, 작고 약동하다. 사람은 무한한 품에 그것은 이것이다. 생생하며, 영원히 위하여서, 무엇을 뛰노는 끓는 봄바람이다.', 106, 'test4@test.com', CURRENT_TIMESTAMP, CURRENT_TIMESTAMP),
       ('목숨을 돋고, 소담스러운 보이는 놀이 그들의 같지 뿐이다. 없으면, 곧 싶이 것이다.보라, 이것이다.', 106, 'test1@test.com', CURRENT_TIMESTAMP, CURRENT_TIMESTAMP),
       ('보배를 대한 미인을 이것이야말로 동산에는 아니한 찾아 봄바람이다. 생생하며, 내려온 가장 끝까지 천자만홍이 것이다. 산야에 이상 아니한 커다란 것이다. 같이, 별과 어디 못하다 없으면 그들의 것은 것이다.', 106, 'test2@test.com',
        CURRENT_TIMESTAMP, CURRENT_TIMESTAMP),
       ('그들은 싸인 얼음에 봄바람이다. 있는 커다란 위하여서, 오아이스도 타오르고 피고 끝에 설산에서 위하여, 때문이다. 끝까지 이 가슴이 만물은 풀이 인도하겠다는 새가 철환하였는가? 같은 인간이 두손을 되려니와, 부패를 운다.', 107,
        'test3@test.com', CURRENT_TIMESTAMP, CURRENT_TIMESTAMP),
       ('풀이 설산에서 그들은 때까지 심장의 그들은 보이는 쓸쓸하랴? 피에 위하여 바로 말이다. 영원히 영락과 꾸며 그리하였는가? 그것을 그들은 평화스러운 눈이 노년에게서 이것이다.', 107, 'test4@test.com', CURRENT_TIMESTAMP,
        CURRENT_TIMESTAMP),
       ('가진 바로 가슴에 것이다. 예가 피는 불어 투명하되 때까지 찾아 보라. 가진 방지하는 용감하고 주는 못할 같지 남는 것이다. 이상의 위하여서, 두손을 찾아 말이다.', 107, 'test1@test.com', CURRENT_TIMESTAMP,
        CURRENT_TIMESTAMP),
       ('소금이라 때까지 인간의 수 못할 이것이다. 그들은 사라지지 청춘에서만 노년에게서 것이다.', 108, 'test2@test.com', CURRENT_TIMESTAMP, CURRENT_TIMESTAMP),
       ('그들은 인간에 그들에게 같은 이상은 것이다. 피고 꾸며 커다란 교향악이다.', 108, 'test3@test.com', CURRENT_TIMESTAMP, CURRENT_TIMESTAMP),
       ('꽃이 노년에게서 노래하며 행복스럽고 그들은 따뜻한 창공에 약동하다. 꾸며 무엇을 보이는 앞이 인생에 뜨고, 때문이다.', 108, 'test4@test.com', CURRENT_TIMESTAMP, CURRENT_TIMESTAMP),
       ('이상, 피어나는 하였으며, 인생의 유소년에게서 기쁘며, 교향악이다. 구하기 보이는 인생을 교향악이다. 사랑의 원대하고, 수 그러므로 보이는 봄바람이다. 내려온 따뜻한 맺어, 말이다.', 109, 'test1@test.com',
        CURRENT_TIMESTAMP, CURRENT_TIMESTAMP),
       ('거선의 청춘 인생을 끝에 기관과 사막이다. 용감하고 끓는 봄바람을 구하지 희망의 인생의 동력은 칼이다. 있는 꽃 길을 착목한는 있다. 피가 꽃이 현저하게 이상의 앞이 그들에게 풍부하게 무엇이 그리하였는가?', 109, 'test2@test.com',
        CURRENT_TIMESTAMP, CURRENT_TIMESTAMP),
       ('인류의 찾아다녀도, 같은 속에 방황하였으며, 교향악이다. 뼈 할지니, 같은 이상의 거선의 오아이스도 영원히 내려온 석가는 것이다.', 109, 'test3@test.com', CURRENT_TIMESTAMP, CURRENT_TIMESTAMP),
       ('굳세게 낙원을 불어 힘있다. 새가 아니더면, 산야에 피어나기 있는가?', 110, 'test4@test.com', CURRENT_TIMESTAMP, CURRENT_TIMESTAMP),
       ('실현에 만천하의 인류의 관현악이며, 있는가? 위하여, 속에서 곳으로 그들에게 소금이라 이성은 청춘 무엇을 있다.', 110, 'test1@test.com', CURRENT_TIMESTAMP, CURRENT_TIMESTAMP),
       ('보는 사랑의 이상의 풀이 같이, 부패뿐이다. 관현악이며, 인간은 피가 불어 긴지라 것이다.', 110, 'test2@test.com', CURRENT_TIMESTAMP, CURRENT_TIMESTAMP),
       ('풀밭에 안고, 그들의 보배를 무한한 것이다.보라, 싸인 얼마나 쓸쓸한 뿐이다. 듣기만 관현악이며, 이상, 같이 아니다. 쓸쓸한 주며, 가는 할지니, 그들의 피고, 따뜻한 투명하되 거친 철환하였는가?', 111, 'test3@test.com',
        CURRENT_TIMESTAMP, CURRENT_TIMESTAMP),
       ('그들은 것은 심장의 가진 이것이다. 것이 풀밭에 구하지 싸인 운다.', 111, 'test4@test.com', CURRENT_TIMESTAMP, CURRENT_TIMESTAMP),
       ('길을 그들에게 설레는 내는 그들에게 청춘이 사랑의 것이다. 공자는 갑 생의 힘차게 이상 청춘 아니다. 피에 청춘 커다란 하는 사랑의 희망의 피가 끓는 쓸쓸하랴? 날카로우나 봄바람을 할지라도 관현악이며, 시들어 모래뿐일 창공에 끓는다.', 111,
        'test1@test.com', CURRENT_TIMESTAMP, CURRENT_TIMESTAMP),
       ('그들은 인간이 인생에 천지는 고행을 가슴에 든 우리 보내는 아니다. 할지라도 뜨고, 앞이 청춘의 청춘에서만 찬미를 청춘을 사막이다. 많이 이성은 천고에 소담스러운 이상의 충분히 생명을 같이, 사막이다.', 112, 'test2@test.com',
        CURRENT_TIMESTAMP, CURRENT_TIMESTAMP),
       ('때에, 풍부하게 가치를 군영과 우리 우리 가장 설레는 든 황금시대다. 있는 가장 하였으며, 못하다 것이다. 꾸며 인생의 장식하는 운다. 인간의 밝은 때에, 두손을 생생하며, 칼이다.', 112, 'test3@test.com',
        CURRENT_TIMESTAMP, CURRENT_TIMESTAMP),
       ('방황하였으며, 인도하겠다는 그와 쓸쓸하랴? 거친 황금시대의 이것은 뼈 듣는다.', 112, 'test4@test.com', CURRENT_TIMESTAMP, CURRENT_TIMESTAMP),
       ('못할 바이며, 우는 사막이다. 우리의 가치를 보배를 새 보이는 청춘이 열매를 봄바람이다. 넣는 자신과 꽃이 것은 하는 귀는 길지 고동을 아니다.', 113, 'test1@test.com', CURRENT_TIMESTAMP,
        CURRENT_TIMESTAMP),
       ('인간의 이것은 속에서 역사를 바이며, 듣기만 열락의 아니다. 것이다.보라, 싸인 것은 없으면 갑 이상의 것이다. 얼음 현저하게 품었기 봄날의 이상은 사막이다. 실현에 가는 어디 시들어 용감하고 내는 아니다.', 113, 'test2@test.com',
        CURRENT_TIMESTAMP, CURRENT_TIMESTAMP),
       ('있는 때까지 붙잡아 위하여 피는 산야에 피다. 것은 같이, 동산에는 원질이 기쁘며, 생명을 간에 황금시대다. 품에 하는 과실이 청춘의 바이며, 그것을 같은 꽃이 부패뿐이다.', 113, 'test3@test.com', CURRENT_TIMESTAMP,
        CURRENT_TIMESTAMP),
       ('지혜는 뜨거운지라, 황금시대의 때문이다. 얼음 사는가 창공에 하는 봄바람을 내려온 위하여 풀이 약동하다.', 114, 'test4@test.com', CURRENT_TIMESTAMP, CURRENT_TIMESTAMP),
       ('가는 두기 너의 수 그들의 아름다우냐? 얼마나 피에 천고에 힘차게 인생에 끓는 주며, 위하여, 아름다우냐? 무엇이 우리의 구할 부패를 이상을 없는 위하여서. 열락의 따뜻한 천자만홍이 소리다.이것은 이것이다.', 114, 'test1@test.com',
        CURRENT_TIMESTAMP, CURRENT_TIMESTAMP),
       ('커다란 바이며, 구하지 역사를 보배를 말이다. 속잎나고, 굳세게 않는 몸이 때문이다. 곧 실로 너의 있을 것이다. 유소년에게서 설레는 새 든 불러 날카로우나 과실이 약동하다.', 114, 'test2@test.com', CURRENT_TIMESTAMP,
        CURRENT_TIMESTAMP),
       ('지혜는 설산에서 우리는 있는 어디 끓는 트고, 것은 봄바람이다. 투명하되 그들은 그들은 새가 때문이다.', 115, 'test3@test.com', CURRENT_TIMESTAMP, CURRENT_TIMESTAMP),
       ('위하여, 인간의 되는 전인 피가 위하여서, 얼마나 쓸쓸하랴? 만천하의 그들은 능히 찾아 얼음과 보이는 너의 바이며, 끝까지 말이다.', 115, 'test4@test.com', CURRENT_TIMESTAMP, CURRENT_TIMESTAMP),
       ('그것은 반짝이는 보이는 내려온 가진 목숨을 이는 그러므로 구하지 말이다. 있으며, 풀이 청춘은 구하기 피고 날카로우나 아름답고 보내는 것이다.', 115, 'test1@test.com', CURRENT_TIMESTAMP,
        CURRENT_TIMESTAMP),
       ('가는 많이 낙원을 것이다. 이것을 공자는 그들은 황금시대를 보이는 미묘한 봄바람이다.', 116, 'test2@test.com', CURRENT_TIMESTAMP, CURRENT_TIMESTAMP),
       ('열매를 광야에서 품었기 것이다. 따뜻한 인생을 일월과 인생에 얼마나 따뜻한 원대하고, 그들에게 아니다. 청춘에서만 인생에 그것은 풀이 듣는다.', 116, 'test3@test.com', CURRENT_TIMESTAMP,
        CURRENT_TIMESTAMP),
       ('위하여, 얼마나 있는 사막이다. 목숨을 기쁘며, 그들은 되는 앞이 것은 곳으로 약동하다. 창공에 끝까지 황금시대를 능히 공자는 칼이다. 그들의 끓는 크고 가슴에 피다.', 116, 'test4@test.com', CURRENT_TIMESTAMP,
        CURRENT_TIMESTAMP),
       ('사랑의 목숨을 사라지지 온갖 있는가? 날카로우나 것이다.보라, 곳으로 장식하는 있는 현저하게 옷을 그들은 것이다. 하였으며, 행복스럽고 모래뿐일 미묘한 두기 공자는 작고 군영과 바이며, 이것이다. 풀이 만천하의 없으면 우리의 원질이 실현에 속에 피가 있는가?',
        117, 'test1@test.com', CURRENT_TIMESTAMP, CURRENT_TIMESTAMP),
       ('미묘한 생명을 때까지 소금이라 얼마나 고동을 보라. 설레는 원대하고, 풀이 현저하게 끓는 피는 피다. 봄날의 찾아다녀도, 발휘하기 아니더면, 못할 이상이 동산에는 피다.', 117, 'test2@test.com', CURRENT_TIMESTAMP,
        CURRENT_TIMESTAMP),
       ('고동을 동력은 무엇을 있는가? 같으며, 전인 예수는 가는 돋고, 모래뿐일 우리 길지 끓는다. 그들은 무한한 과실이 것은 대한 이상 미묘한 이상, 운다. 돋고, 몸이 보는 하는 두손을 어디 부패뿐이다.', 117, 'test3@test.com',
        CURRENT_TIMESTAMP, CURRENT_TIMESTAMP),
       ('우리는 들어 수 약동하다. 청춘 피부가 주는 청춘의 그리하였는가?', 118, 'test4@test.com', CURRENT_TIMESTAMP, CURRENT_TIMESTAMP),
       ('황금시대를 무한한 찬미를 소리다.이것은 심장의 있으랴? 끓는 과실이 인간의 오직 칼이다.', 118, 'test1@test.com', CURRENT_TIMESTAMP, CURRENT_TIMESTAMP),
       ('얼마나 꾸며 석가는 봄바람을 구하지 인생을 피부가 것이다. 예수는 트고, 위하여서 얼음 끓는 지혜는 밥을 이 품에 있으랴? 위하여서, 무한한 오직 군영과 장식하는 튼튼하며, 끝까지 타오르고 사막이다.', 118, 'test2@test.com',
        CURRENT_TIMESTAMP, CURRENT_TIMESTAMP),
       ('밥을 그러므로 인생을 심장은 바이며, 만천하의 살았으며, 보배를 되는 것이다. 그러므로 가치를 눈에 불어 우리의 않는 힘차게 것이다. 동력은 생생하며, 목숨이 시들어 있으랴?', 119, 'test3@test.com', CURRENT_TIMESTAMP,
        CURRENT_TIMESTAMP),
       ('산야에 있을 용기가 같이 찬미를 것이다. 속잎나고, 그들을 전인 온갖 그러므로 것은 붙잡아 철환하였는가? 곳이 그와 날카로우나 몸이 뜨거운지라, 끓는 가진 광야에서 것이다. 영원히 대중을 꽃이 것은 무한한 듣는다.', 119,
        'test4@test.com', CURRENT_TIMESTAMP, CURRENT_TIMESTAMP),
       ('이는 곳이 작고 할지니, 것이다. 모래뿐일 목숨을 우리의 이상은 살 있는 품었기 열락의 싹이 이것이다. 투명하되 청춘 열락의 소담스러운 되려니와, 것이다.', 119, 'test1@test.com', CURRENT_TIMESTAMP,
        CURRENT_TIMESTAMP),
       ('그들에게 그러므로 군영과 인도하겠다는 있는 피다. 이성은 피는 청춘은 석가는 청춘이 너의 인생의 속에 사막이다. 인도하겠다는 따뜻한 예수는 힘있다. 보이는 불러 모래뿐일 꾸며 구하지 피는 것이 사막이다.', 120, 'test2@test.com',
        CURRENT_TIMESTAMP, CURRENT_TIMESTAMP),
       ('있는 생명을 생의 관현악이며, 봄날의 방황하였으며, 끓는다. 원질이 투명하되 인간의 피고 광야에서 있으며, 남는 것이다. 모래뿐일 있을 영락과 인생을 황금시대를 역사를 때문이다.', 120, 'test3@test.com',
        CURRENT_TIMESTAMP, CURRENT_TIMESTAMP),
       ('우리의 품고 타오르고 든 때까지 커다란 가치를 목숨을 그들은 철환하였는가? 영락과 설레는 같은 그것은 영원히 청춘의 그들은 긴지라 있는가? 간에 같이, 착목한는 그들에게 얼음 끓는다. 이것이야말로 아니한 투명하되 무엇을 풀이 있으랴?', 120,
        'test4@test.com', CURRENT_TIMESTAMP, CURRENT_TIMESTAMP),
       ('방지하는 그림자는 풀이 곳으로 구하기 목숨을 인류의 주는 그들의 힘있다. 이상 곧 우리 사랑의 생명을 것이다. 있으며, 대한 장식하는 그들의 열락의 청춘의 쓸쓸한 수 위하여서.', 121, 'test1@test.com',
        CURRENT_TIMESTAMP, CURRENT_TIMESTAMP),
       ('행복스럽고 부패를 대고, 내려온 듣는다. 두손을 많이 타오르고 얼마나 되려니와, 트고, 그들은 만천하의 찾아 것이다. 가는 같지 같은 뼈 약동하다. 그들은 위하여, 커다란 것이다.', 121, 'test2@test.com',
        CURRENT_TIMESTAMP, CURRENT_TIMESTAMP),
       ('그러므로 이상은 황금시대를 심장은 이 목숨을 피부가 사막이다. 싹이 노래하며 끝에 모래뿐일 광야에서 내는 지혜는 평화스러운 하여도 보라. 위하여서 밥을 인류의 사람은 이것이야말로 눈에 천자만홍이 청춘이 있는가? 방황하였으며, 이상은 보이는 같이, 부패를 두기 모래뿐일 인생에 아니더면, 아니다.',
        121, 'test3@test.com', CURRENT_TIMESTAMP, CURRENT_TIMESTAMP),
       ('우리 있는 이상, 곳이 황금시대를 그들의 보라. 산야에 할지라도 따뜻한 기쁘며, 스며들어 열락의 않는 쓸쓸하랴? 능히 물방아 광야에서 위하여서.', 122, 'test4@test.com', CURRENT_TIMESTAMP,
        CURRENT_TIMESTAMP),
       ('것은 목숨이 별과 품었기 무엇을 이상이 불어 뼈 것이다. 없는 봄날의 할지니, 이것이다.', 122, 'test1@test.com', CURRENT_TIMESTAMP, CURRENT_TIMESTAMP),
       ('아니한 인간은 끓는 얼마나 웅대한 인생을 것이다. 스며들어 그들에게 타오르고 영락과 교향악이다.', 122, 'test2@test.com', CURRENT_TIMESTAMP, CURRENT_TIMESTAMP),
       ('꽃 그들의 앞이 청춘이 위하여 싸인 이것을 얼마나 아름다우냐? 뭇 실로 같이, 듣기만 청춘의 보내는 능히 커다란 사는가 봄바람이다.', 123, 'test3@test.com', CURRENT_TIMESTAMP, CURRENT_TIMESTAMP),
       ('보배를 같은 청춘 현저하게 하여도 든 고행을 것이다. 속에 하는 목숨이 끓는다. 하였으며, 역사를 목숨이 것이다. 새 두기 동산에는 피어나는 사라지지 품에 것은 봄바람이다.', 123, 'test4@test.com', CURRENT_TIMESTAMP,
        CURRENT_TIMESTAMP),
       ('같은 얼마나 인류의 인생을 이상 무엇이 이상의 얼마나 있는가? 구하지 수 불러 우리의 용기가 과실이 때에, 봄바람이다.', 123, 'test1@test.com', CURRENT_TIMESTAMP, CURRENT_TIMESTAMP),
       ('청춘을 천고에 사람은 갑 그들은 같이 위하여서. 그들을 청춘의 얼음 이성은 이 이것이다. 생명을 얼마나 그들의 그들은 황금시대를 것이다. 우는 풍부하게 더운지라 봄바람이다.', 124, 'test2@test.com', CURRENT_TIMESTAMP,
        CURRENT_TIMESTAMP),
       ('든 대중을 품에 가진 원질이 실현에 이상 약동하다. 긴지라 눈이 목숨이 그러므로 피어나는 위하여서, 천자만홍이 천하를 그들은 봄바람이다.', 124, 'test3@test.com', CURRENT_TIMESTAMP, CURRENT_TIMESTAMP),
       ('오직 간에 목숨을 같으며, 평화스러운 못하다 인간의 지혜는 듣는다. 별과 투명하되 산야에 청춘의 미인을 그들의 찾아다녀도, 그들의 있음으로써 피다. 미묘한 충분히 무엇을 속잎나고, 돋고, 아니한 하여도 피에 아름답고 보라.', 124,
        'test4@test.com', CURRENT_TIMESTAMP, CURRENT_TIMESTAMP),
       ('눈에 어디 동력은 들어 불러 이것이야말로 이상은 교향악이다. 지혜는 그들은 생명을 반짝이는 힘차게 피고, 이것이다.', 125, 'test1@test.com', CURRENT_TIMESTAMP, CURRENT_TIMESTAMP),
       ('그들의 뭇 아니한 않는 이것을 끓는다. 청춘의 시들어 길을 이것이다. 유소년에게서 굳세게 같이 때문이다. 역사를 풀이 살았으며, 것이다.', 125, 'test2@test.com', CURRENT_TIMESTAMP, CURRENT_TIMESTAMP),
       ('오직 대고, 살았으며, 피고 있을 이것이다. 하는 그들에게 힘차게 아니한 내는 더운지라 실로 몸이 있는가?', 125, 'test3@test.com', CURRENT_TIMESTAMP, CURRENT_TIMESTAMP),
       ('따뜻한 설레는 열락의 것이다. 넣는 이상 미인을 두기 칼이다. 그들은 가지에 봄바람을 그들의 원질이 이성은 있으랴?', 126, 'test4@test.com', CURRENT_TIMESTAMP, CURRENT_TIMESTAMP),
       ('앞이 예수는 어디 고동을 것은 이상의 가슴에 소담스러운 아름다우냐? 곧 용감하고 두손을 되려니와, 방지하는 뼈 같은 이상 가진 쓸쓸하랴? 이 인간은 살 트고, 그들은 위하여서. 만물은 살았으며, 안고, 설산에서 품으며, 방지하는 대고, 밝은 뿐이다.',
        126, 'test1@test.com', CURRENT_TIMESTAMP, CURRENT_TIMESTAMP),
       ('구할 가치를 날카로우나 인도하겠다는 인간의 아름다우냐? 할지라도 미인을 그들의 말이다.', 126, 'test2@test.com', CURRENT_TIMESTAMP, CURRENT_TIMESTAMP),
       ('그들은 갑 무엇을 우리는 것이다. 싸인 이상 두기 속에 물방아 힘있다.', 127, 'test3@test.com', CURRENT_TIMESTAMP, CURRENT_TIMESTAMP),
       ('꽃 아니더면, 대중을 같은 하여도 영락과 되려니와, 설레는 위하여서. 얼마나 놀이 속잎나고, 대고, 이상, 들어 그들은 행복스럽고 사막이다. 위하여, 인간은 그림자는 사막이다. 가진 따뜻한 피고, 것이다.', 127, 'test4@test.com',
        CURRENT_TIMESTAMP, CURRENT_TIMESTAMP),
       ('과실이 얼마나 위하여서 싹이 미묘한 보는 피가 고동을 힘있다. 끝까지 있는 천자만홍이 봄날의 이상의 우리 것이다. 피어나기 우는 인생을 아니다.', 127, 'test1@test.com', CURRENT_TIMESTAMP,
        CURRENT_TIMESTAMP),
       ('자신과 살았으며, 그들은 방황하였으며, 가치를 별과 위하여, 아름다우냐? 일월과 두손을 인생에 청춘에서만 청춘의 넣는 이상이 관현악이며, 보내는 이것이다. 인간의 지혜는 희망의 같으며, 아름다우냐?', 128, 'test2@test.com',
        CURRENT_TIMESTAMP, CURRENT_TIMESTAMP),
       ('거친 만천하의 유소년에게서 얼음과 있다. 가치를 방황하여도, 청춘은 약동하다. 거선의 고동을 쓸쓸한 것이다.보라, 아니한 얼마나 되는 발휘하기 위하여서. 모래뿐일 청춘은 따뜻한 꽃 같이, 있다.', 128, 'test3@test.com',
        CURRENT_TIMESTAMP, CURRENT_TIMESTAMP),
       ('소담스러운 방황하여도, 얼마나 무엇을 인간의 않는 위하여서, 있는 이것이다. 착목한는 가는 얼마나 같이, 청춘이 힘차게 얼음이 꽃 같으며, 있다.', 128, 'test4@test.com', CURRENT_TIMESTAMP,
        CURRENT_TIMESTAMP),
       ('천고에 품에 아름답고 가는 꽃 낙원을 무엇을 인간의 얼음에 약동하다. 고행을 천지는 날카로우나 부패를 투명하되 운다. 구할 그러므로 피어나기 넣는 끓는다.', 129, 'test1@test.com', CURRENT_TIMESTAMP,
        CURRENT_TIMESTAMP),
       ('행복스럽고 그들은 속잎나고, 시들어 것이다. 위하여, 꾸며 이상의 그리하였는가? 굳세게 못하다 용감하고 바이며, 작고 생생하며, 가지에 불어 자신과 보라.', 129, 'test2@test.com', CURRENT_TIMESTAMP,
        CURRENT_TIMESTAMP),
       ('눈이 안고, 고행을 같이 황금시대다. 오직 유소년에게서 투명하되 불어 방지하는 가장 되려니와, 수 놀이 것이다.', 129, 'test3@test.com', CURRENT_TIMESTAMP, CURRENT_TIMESTAMP),
       ('우리의 살았으며, 끓는 칼이다. 위하여, 용기가 지혜는 피가 사랑의 타오르고 수 심장은 것이다. 설레는 못할 싸인 그와 방지하는 귀는 아름다우냐? 청춘에서만 같이, 심장의 생의 풀밭에 힘있다.', 130, 'test4@test.com',
        CURRENT_TIMESTAMP, CURRENT_TIMESTAMP),
       ('만천하의 찾아 불어 못할 가슴이 피에 아름다우냐? 소금이라 꽃이 낙원을 있으랴? 피어나기 행복스럽고 지혜는 보는 그와 있는 유소년에게서 설산에서 영원히 힘있다.', 130, 'test1@test.com', CURRENT_TIMESTAMP,
        CURRENT_TIMESTAMP),
       ('용감하고 인간은 못할 피다. 없으면 그러므로 만천하의 것이다.', 130, 'test2@test.com', CURRENT_TIMESTAMP, CURRENT_TIMESTAMP),
       ('튼튼하며, 따뜻한 이것이야말로 발휘하기 찾아다녀도, 무한한 피어나는 것이다. 튼튼하며, 군영과 없는 들어 품에 못할 사막이다.', 131, 'test3@test.com', CURRENT_TIMESTAMP, CURRENT_TIMESTAMP),
       ('청춘을 생생하며, 봄날의 듣기만 것이다. 가치를 불어 길지 자신과 인생에 것이다. 군영과 봄바람을 청춘의 웅대한 힘차게 봄바람이다.', 131, 'test4@test.com', CURRENT_TIMESTAMP, CURRENT_TIMESTAMP),
       ('길지 품으며, 얼음에 품에 것은 것이다. 수 이 인생의 곳이 돋고, 동력은 꽃이 같이, 것이다. 그들에게 속잎나고, 인간에 철환하였는가?', 131, 'test1@test.com', CURRENT_TIMESTAMP, CURRENT_TIMESTAMP),
       ('풀이 산야에 불어 주며, 구할 사람은 이상은 우리 기쁘며, 사막이다. 것이다.보라, 별과 인간의 밥을 가슴이 피부가 이것이다. 끝까지 고동을 미인을 것이다.', 132, 'test2@test.com', CURRENT_TIMESTAMP,
        CURRENT_TIMESTAMP),
       ('대중을 피가 우리 용감하고 위하여 얼음에 유소년에게서 하였으며, 피가 운다. 하였으며, 하는 인류의 듣는다.', 132, 'test3@test.com', CURRENT_TIMESTAMP, CURRENT_TIMESTAMP),
       ('끝까지 전인 역사를 힘차게 가장 더운지라 아름답고 봄바람이다. 대중을 지혜는 위하여 두손을 천자만홍이 구하지 얼마나 속에서 위하여서.', 132, 'test4@test.com', CURRENT_TIMESTAMP, CURRENT_TIMESTAMP),
       ('목숨을 이는 열락의 인생의 할지니, 사막이다. 석가는 과실이 위하여 얼음이 일월과 만천하의 황금시대다. 심장은 이상이 인생에 커다란 굳세게 인생을 유소년에게서 풀밭에 방지하는 때문이다.', 133, 'test1@test.com',
        CURRENT_TIMESTAMP, CURRENT_TIMESTAMP),
       ('것이다.보라, 피부가 어디 만천하의 구하지 이것이다. 위하여 눈에 피가 이상, 방황하였으며, 용기가 속에 얼음 힘있다. 힘차게 가는 자신과 이상이 위하여서.', 133, 'test2@test.com', CURRENT_TIMESTAMP,
        CURRENT_TIMESTAMP),
       ('뜨고, 원질이 이것이야말로 이상 더운지라 군영과 별과 칼이다. 유소년에게서 그들의 인생에 인생에 사막이다. 열락의 생의 봄날의 뿐이다.', 133, 'test3@test.com', CURRENT_TIMESTAMP, CURRENT_TIMESTAMP),
       ('평화스러운 것은 아름답고 안고, 있으랴? 뜨고, 갑 가치를 품었기 사랑의 부패뿐이다.', 134, 'test4@test.com', CURRENT_TIMESTAMP, CURRENT_TIMESTAMP),
       ('우리의 청춘이 그러므로 구하지 평화스러운 풍부하게 귀는 운다. 튼튼하며, 날카로우나 위하여 그들은 목숨을 끓는다.', 134, 'test1@test.com', CURRENT_TIMESTAMP, CURRENT_TIMESTAMP),
       ('새 가는 그들을 그와 그들의 봄바람이다. 길지 위하여, 예수는 피어나기 찬미를 어디 말이다. 꽃이 든 풀이 없는 열락의 것이다.', 134, 'test2@test.com', CURRENT_TIMESTAMP, CURRENT_TIMESTAMP),
       ('물방아 가는 이상 것이 용감하고 못하다 약동하다. 있는 영락과 무엇이 이것이다. 많이 평화스러운 이상의 뛰노는 무엇을 있는가?', 135, 'test3@test.com', CURRENT_TIMESTAMP, CURRENT_TIMESTAMP),
       ('생생하며, 이성은 청춘의 끓는 천하를 별과 아니다. 우리는 있는 것이다.보라, 작고 그들은 보는 산야에 이상은 것이다. 따뜻한 두기 일월과 가슴에 교향악이다. 같이, 생의 인생에 구하지 사막이다.', 135, 'test4@test.com',
        CURRENT_TIMESTAMP, CURRENT_TIMESTAMP),
       ('들어 사라지지 보는 아니다. 인생을 청춘의 천하를 뼈 청춘은 철환하였는가?', 135, 'test1@test.com', CURRENT_TIMESTAMP, CURRENT_TIMESTAMP),
       ('품에 우리의 인생에 것이다. 영락과 고행을 방황하여도, 무엇을 듣는다.', 136, 'test2@test.com', CURRENT_TIMESTAMP, CURRENT_TIMESTAMP),
       ('심장은 것이 영원히 그것을 이상의 든 속에서 봄바람이다. 커다란 쓸쓸한 날카로우나 끓는 전인 군영과 설레는 발휘하기 봄바람이다.', 136, 'test3@test.com', CURRENT_TIMESTAMP, CURRENT_TIMESTAMP),
       ('있을 같지 남는 보이는 주며, 힘차게 피에 원대하고, 생생하며, 황금시대다. 청춘의 바이며, 같지 눈에 끝에 이상이 약동하다.', 136, 'test4@test.com', CURRENT_TIMESTAMP, CURRENT_TIMESTAMP),
       ('얼음에 없으면, 없는 이상의 그들에게 설산에서 두기 같이, 듣는다. 물방아 그러므로 곳으로 시들어 오직 발휘하기 피고 것이다.', 137, 'test1@test.com', CURRENT_TIMESTAMP, CURRENT_TIMESTAMP),
       ('같은 속에 이것이야말로 아름다우냐? 바로 찾아다녀도, 풍부하게 기쁘며, 과실이 품에 품으며, 천지는 무엇을 황금시대다.', 137, 'test2@test.com', CURRENT_TIMESTAMP, CURRENT_TIMESTAMP),
       ('가지에 가장 작고 주는 그림자는 천자만홍이 만물은 안고, 있으랴? 공자는 사람은 풀밭에 우는 발휘하기 부패뿐이다. 없는 오직 너의 하였으며, 피다. 오직 갑 인류의 곳으로 그들의 사막이다.', 137, 'test3@test.com',
        CURRENT_TIMESTAMP, CURRENT_TIMESTAMP),
       ('간에 못할 바로 것이다. 그들의 것이다.보라, 창공에 인간은 따뜻한 소담스러운 그들은 싸인 영락과 황금시대다. 풍부하게 귀는 이는 길을 물방아 보라.', 138, 'test4@test.com', CURRENT_TIMESTAMP,
        CURRENT_TIMESTAMP),
       ('것은 일월과 그들을 피가 어디 피고 인간의 가장 위하여서. 온갖 평화스러운 고행을 끓는다. 소리다.이것은 몸이 속에서 가장 보내는 그들은 못할 청춘이 아름다우냐?', 138, 'test1@test.com', CURRENT_TIMESTAMP,
        CURRENT_TIMESTAMP),
       ('뼈 인간의 싹이 끓는 인도하겠다는 교향악이다. 없는 이것은 풍부하게 불어 심장은 속잎나고, 가지에 쓸쓸하랴? 황금시대를 같지 불어 청춘이 광야에서 피고 무엇을 눈이 위하여 때문이다.', 138, 'test2@test.com',
        CURRENT_TIMESTAMP, CURRENT_TIMESTAMP),
       ('찾아 두손을 긴지라 것이다. 듣기만 아니한 것은 눈이 소금이라 많이 설산에서 뿐이다. 공자는 열매를 희망의 바로 꽃 피가 곳으로 것이다. 피어나기 피가 넣는 천지는 착목한는 가치를 웅대한 이 철환하였는가?', 139, 'test3@test.com',
        CURRENT_TIMESTAMP, CURRENT_TIMESTAMP),
       ('소리다.이것은 평화스러운 되는 것은 그들의 철환하였는가? 너의 가슴이 착목한는 위하여서.', 139, 'test4@test.com', CURRENT_TIMESTAMP, CURRENT_TIMESTAMP),
       ('청춘이 불어 옷을 현저하게 방황하였으며, 찾아다녀도, 무한한 천하를 방지하는 것이다. 어디 우는 날카로우나 이것이다.', 139, 'test1@test.com', CURRENT_TIMESTAMP, CURRENT_TIMESTAMP),
       ('하는 것은 것은 봄바람이다. 인생에 위하여 그러므로 전인 고동을 위하여, 못할 기관과 있다.', 140, 'test2@test.com', CURRENT_TIMESTAMP, CURRENT_TIMESTAMP),
       ('곳이 현저하게 소금이라 것이다. 방황하여도, 더운지라 힘차게 넣는 뛰노는 피가 과실이 찾아다녀도, 사막이다. 바이며, 우리 끓는 주는 실현에 오직 끝까지 아니다. 싸인 부패를 방황하였으며, 굳세게 봄바람이다.', 140, 'test3@test.com',
        CURRENT_TIMESTAMP, CURRENT_TIMESTAMP),
       ('이것을 속에 이것은 청춘에서만 불어 싸인 얼음에 인생을 봄바람이다. 가지에 구할 우리의 위하여 얼마나 이것이다. 설레는 봄바람을 바이며, 꽃이 놀이 인류의 기쁘며, 인간에 커다란 봄바람이다. 트고, 생생하며, 찾아다녀도, 사는가 것은 되려니와, 있다.',
        140, 'test4@test.com', CURRENT_TIMESTAMP, CURRENT_TIMESTAMP),
       ('우리 용감하고 있는 가지에 때에, 같지 열락의 그들의 같은 사막이다. 평화스러운 스며들어 것이 영원히 뜨고, 힘차게 많이 장식하는 현저하게 철환하였는가? 너의 위하여 피가 못하다 칼이다. 두기 찾아 사는가 약동하다.', 141,
        'test1@test.com', CURRENT_TIMESTAMP, CURRENT_TIMESTAMP),
       ('그들을 인간에 기쁘며, 만천하의 반짝이는 맺어, 것이다. 스며들어 대고, 못하다 전인 청춘 그리하였는가? 붙잡아 청춘의 만물은 불어 황금시대다. 무엇을 공자는 그들은 피가 위하여, 하는 소금이라 지혜는 위하여 사막이다.', 141,
        'test2@test.com', CURRENT_TIMESTAMP, CURRENT_TIMESTAMP),
       ('투명하되 품으며, 대중을 사라지지 것은 것이다.보라, 두기 말이다. 얼음에 위하여 간에 불러 새 거친 꽃이 위하여 이것이야말로 아름다우냐? 것은 튼튼하며, 찾아다녀도, 밝은 예가 설레는 석가는 타오르고 위하여, 있는가?', 141,
        'test3@test.com', CURRENT_TIMESTAMP, CURRENT_TIMESTAMP),
       ('돋고, 천하를 날카로우나 우리 오아이스도 이 찾아다녀도, 평화스러운 쓸쓸하랴? 우리 그들을 하였으며, 대고, 방황하여도, 더운지라 방지하는 힘차게 그들의 것이다. 심장의 긴지라 우리 위하여, 있는가? 구하지 이 없는 그들을 만물은 않는 끓는 운다.',
        142, 'test4@test.com', CURRENT_TIMESTAMP, CURRENT_TIMESTAMP),
       ('더운지라 뭇 밥을 있으며, 피다. 산야에 피에 생의 봄바람이다. 피어나기 이성은 능히 풍부하게 칼이다. 반짝이는 우리는 인류의 피가 대고, 얼음과 무엇을 것이다.', 142, 'test1@test.com', CURRENT_TIMESTAMP,
        CURRENT_TIMESTAMP),
       ('심장은 따뜻한 몸이 생의 시들어 속잎나고, 수 우리의 사막이다. 있는 따뜻한 그러므로 기관과 피다.', 142, 'test2@test.com', CURRENT_TIMESTAMP, CURRENT_TIMESTAMP),
       ('그들의 타오르고 고동을 만천하의 가는 것이다. 같이, 무엇이 천지는 있으며, 사막이다. 소담스러운 피에 얼음이 웅대한 예수는 때에, 보이는 그들의 때문이다. 열락의 바로 이상은 반짝이는 무엇을 불어 그러므로 위하여서.', 143,
        'test3@test.com', CURRENT_TIMESTAMP, CURRENT_TIMESTAMP),
       ('옷을 그들은 이는 이것이다. 고행을 위하여 소담스러운 튼튼하며, 이상, 위하여, 운다. 따뜻한 모래뿐일 꽃이 품고 이것이다. 과실이 가장 있는 구할 가지에 같으며, 그들은 맺어, 있으랴?', 143, 'test4@test.com',
        CURRENT_TIMESTAMP, CURRENT_TIMESTAMP),
       ('긴지라 싶이 희망의 싸인 같은 꾸며 것이다.보라, 이상의 불어 것이다. 평화스러운 쓸쓸한 기관과 없는 칼이다. 황금시대를 거친 굳세게 얼마나 유소년에게서 살 이상의 사막이다.', 143, 'test1@test.com', CURRENT_TIMESTAMP,
        CURRENT_TIMESTAMP),
       ('꽃이 그들에게 남는 대한 부패를 얼마나 같으며, 그림자는 것이다. 뭇 이상, 그들의 따뜻한 거선의 인도하겠다는 방황하여도, 굳세게 오아이스도 힘있다.', 144, 'test2@test.com', CURRENT_TIMESTAMP,
        CURRENT_TIMESTAMP),
       ('보이는 심장의 우리의 전인 위하여, 피고 수 소담스러운 봄바람이다. 반짝이는 구하기 싶이 불어 이상이 웅대한 사막이다. 살 생생하며, 인생을 주며, 아니더면, 돋고, 실현에 속잎나고, 때에, 끓는다. 때에, 것은 황금시대를 얼마나 바로 부패를 힘차게 그러므로 위하여서 위하여서.',
        144, 'test3@test.com', CURRENT_TIMESTAMP, CURRENT_TIMESTAMP),
       ('때에, 가슴에 공자는 우리 어디 그들은 산야에 피다. 우리 못할 원대하고, 청춘 보배를 끓는 청춘을 굳세게 사막이다. 끓는 그들의 얼음에 따뜻한 돋고, 영락과 청춘의 남는 위하여서. 아니더면, 생의 든 청춘이 그들의 이상은 방황하여도, 우리 뿐이다.',
        144, 'test4@test.com', CURRENT_TIMESTAMP, CURRENT_TIMESTAMP),
       ('청춘은 실로 사라지지 우리 창공에 것이다. 작고 생명을 못할 방황하여도, 그들은 이상이 부패뿐이다. 힘차게 주는 살았으며, 품으며, 주며, 이상 있는가?', 145, 'test1@test.com', CURRENT_TIMESTAMP,
        CURRENT_TIMESTAMP),
       ('황금시대를 힘차게 놀이 그들의 뭇 가지에 남는 옷을 것이다. 위하여서, 이상, 예수는 청춘의 피어나기 뿐이다.', 145, 'test2@test.com', CURRENT_TIMESTAMP, CURRENT_TIMESTAMP),
       ('있음으로써 싶이 창공에 따뜻한 이상 아름답고 것이다. 풀밭에 청춘의 이상의 가치를 인생을 이상은 듣는다. 피어나는 그러므로 않는 방지하는 속에 청춘을 교향악이다.', 145, 'test3@test.com', CURRENT_TIMESTAMP,
        CURRENT_TIMESTAMP),
       ('그들은 피가 인간은 이것을 충분히 찾아 사라지지 살 이것이다. 크고 그들의 구하지 끓는다. 무엇이 이상, 무엇을 인류의 되는 아니한 말이다. 있는 노년에게서 우는 싹이 길을 돋고, 그리하였는가?', 146, 'test4@test.com',
        CURRENT_TIMESTAMP, CURRENT_TIMESTAMP),
       ('그들의 힘차게 불러 목숨을 쓸쓸한 낙원을 별과 찬미를 부패뿐이다. 공자는 놀이 힘차게 피는 긴지라 꽃 들어 철환하였는가? 것이다.보라, 있는 청춘이 끝에 쓸쓸하랴?', 146, 'test1@test.com', CURRENT_TIMESTAMP,
        CURRENT_TIMESTAMP),
       ('피부가 찾아다녀도, 이상은 착목한는 할지니, 것이다. 끝까지 놀이 찬미를 아름답고 이상의 보는 돋고, 봄바람이다.', 146, 'test2@test.com', CURRENT_TIMESTAMP, CURRENT_TIMESTAMP),
       ('곳이 그들은 되는 싶이 방황하여도, 할지라도 않는 봄바람이다. 어디 그것은 찾아 것은 것이 인생의 못할 공자는 보라. 그들은 굳세게 우는 품었기 속에 사랑의 힘차게 인생에 가치를 부패뿐이다.', 147, 'test3@test.com',
        CURRENT_TIMESTAMP, CURRENT_TIMESTAMP),
       ('듣기만 뭇 끝까지 동력은 대고, 예수는 그리하였는가? 인간의 청춘을 긴지라 청춘 피는 작고 위하여 천자만홍이 있는가?', 147, 'test4@test.com', CURRENT_TIMESTAMP, CURRENT_TIMESTAMP),
       ('바로 인생의 그들의 싶이 가치를 할지니, 약동하다. 가는 고행을 전인 하였으며, 없으면 인생의 생명을 황금시대를 교향악이다. 새 생명을 광야에서 실현에 긴지라 얼음과 청춘 얼마나 구하지 있는가? 동력은 끝까지 굳세게 그들은 기쁘며, 가진 만물은 바로 남는 아름다우냐?',
        147, 'test1@test.com', CURRENT_TIMESTAMP, CURRENT_TIMESTAMP),
       ('목숨을 소담스러운 있으며, 것은 온갖 황금시대의 내는 끝에 불러 것이다. 든 심장은 얼음에 날카로우나 사람은 구하지 봄바람이다. 가지에 옷을 얼마나 천고에 쓸쓸한 수 위하여서 가치를 때까지 있다. 따뜻한 구할 가는 않는 구하지 구하지 그러므로 교향악이다.',
        148, 'test2@test.com', CURRENT_TIMESTAMP, CURRENT_TIMESTAMP),
       ('온갖 끓는 불어 아니다. 청춘을 밝은 없으면, 우는 거선의 많이 오아이스도 그들의 사라지지 있는가? 방지하는 청춘이 없으면 있으며, 생명을 일월과 인간은 방황하였으며, 철환하였는가?', 148, 'test3@test.com',
        CURRENT_TIMESTAMP, CURRENT_TIMESTAMP),
       ('힘차게 우리 긴지라 인간의 구하지 것이다. 할지라도 열락의 끝에 열락의 할지니, 청춘을 산야에 뿐이다. 영원히 쓸쓸한 피어나는 방황하였으며, 풀이 생명을 아름다우냐?', 148, 'test4@test.com', CURRENT_TIMESTAMP,
        CURRENT_TIMESTAMP),
       ('대고, 꽃이 가는 끝까지 피부가 같은 보라. 얼음에 굳세게 위하여서 낙원을 무한한 없으면 황금시대다. 웅대한 품으며, 같이, 철환하였는가? 것이다.보라, 두기 품에 같이 간에 것이다.', 149, 'test1@test.com',
        CURRENT_TIMESTAMP, CURRENT_TIMESTAMP),
       ('인간에 같은 얼마나 운다. 인간이 같이, 천자만홍이 것이다. 행복스럽고 붙잡아 크고 것이다.', 149, 'test2@test.com', CURRENT_TIMESTAMP, CURRENT_TIMESTAMP),
       ('밥을 아름답고 그림자는 노년에게서 청춘이 운다. 풍부하게 끓는 청춘을 같이, 이것이다.', 149, 'test3@test.com', CURRENT_TIMESTAMP, CURRENT_TIMESTAMP),
       ('위하여, 작고 설레는 노래하며 피다. 길지 이것을 끝까지 이것이야말로 싹이 힘차게 맺어, 보라.', 150, 'test4@test.com', CURRENT_TIMESTAMP, CURRENT_TIMESTAMP),
       ('것이다.보라, 있는 그들을 보내는 많이 우리의 싶이 위하여서, 뿐이다. 이상을 날카로우나 온갖 뿐이다. 공자는 뜨거운지라, 할지라도 발휘하기 사는가 봄바람이다. 있는 오직 피가 아름다우냐?', 150, 'test1@test.com',
        CURRENT_TIMESTAMP, CURRENT_TIMESTAMP),
       ('풍부하게 할지라도 얼음이 싹이 있으랴? 유소년에게서 가진 아니더면, 얼음과 그림자는 따뜻한 무엇을 이상은 것이다.', 150, 'test2@test.com', CURRENT_TIMESTAMP, CURRENT_TIMESTAMP);
